date,qbtag,time,hour,release_time,g_temp,g_temp_location,air_temp,dist_center,angle,ground,windspeed,living_status,living_status_log,status,treat_num,treat_id
7/18/2016,1,8:06,8,0,22.3,sun,24.2,100,154,1,2,2,1,0,1A,Absence
7/18/2016,1,9:20,9,74,28.8,sun,25.1,100,168,1,0,2,1,0,1A,Absence
7/18/2016,1,10:15,10,129,28.7,sun,26.9,99,164,1,3.2,2,1,0,1A,Absence
7/18/2016,1,11:13,11,187,39.4,sun,35.2,90,161,1,1,2,1,0,1A,Absence
7/18/2016,1,12:08,12,242,42.3,sun,30.4,83,165,1,3,2,1,0,1A,Absence
7/18/2016,1,13:10,13,304,44.7,sun,30.1,80,165,1,4.2,2,1,0,1A,Absence
7/18/2016,1,14:02,14,356,46.5,sun,29.5,80,165,1,3.8,0,0,1,1A,Absence
7/18/2016,1,15:02,15,416,41.6,sun,29.9,80,165,1,5.7,0,0,1,1A,Absence
7/18/2016,1,16:00,16,474,46.7,sun,30.6,80,165,1,5.8,0,0,1,1A,Absence
7/18/2016,1,17:08,17,542,30.6,sun,27.9,80,165,1,5.3,0,0,1,1A,Absence
7/18/2016,1,18:05,18,599,30.1,sun,29.2,80,165,1,2.7,0,0,1,1A,Absence
7/18/2016,2,8:06,8,0,26,sun,24.2,100,154,1,2,2,1,0,2A,Absence
7/18/2016,2,9:20,9,74,20.5,sun,25.1,95,163,1,,2,1,0,2A,Absence
7/18/2016,2,10:15,10,129,26.1,sun,26.9,100,162,1,3.2,2,1,0,2A,Absence
7/18/2016,2,11:13,11,187,52.8,sun,35.2,101,160,1,1,2,1,0,2A,Absence
7/18/2016,2,12:12,12,246,36.2,sun,30.4,101,161,1,3,2,1,0,2A,Absence
7/18/2016,2,13:12,13,306,35.6,sun,30.1,101,161,1,4.2,2,1,0,2A,Absence
7/18/2016,2,14:02,14,356,36.5,sun,29.5,101,161,1,3.8,2,1,0,2A,Absence
7/18/2016,2,15:02,15,416,30.3,sun,29.9,98,153,1,5.7,2,1,0,2A,Absence
7/18/2016,2,16:00,16,474,30,sun,30.6,98,153,1,5.8,2,1,0,2A,Absence
7/18/2016,2,17:08,17,542,24.6,sun,27.9,98,153,1,5.3,2,1,0,2A,Absence
7/18/2016,2,18:05,18,599,24.8,sun,29.2,98,153,1,2.7,2,1,0,2A,Absence
7/18/2016,4,8:06,8,0,26.3,sun,24.2,100,154,1,2,2,1,0,3A,Absence
7/18/2016,4,9:20,9,74,28.8,sun,25.1,97,162,1,0,2,1,0,3A,Absence
7/18/2016,4,10:15,10,129,27.9,sun,26.9,108,159,1,3.2,2,1,0,3A,Absence
7/18/2016,4,11:13,11,187,39.8,sun,35.2,91,161,1,1,2,1,0,3A,Absence
7/18/2016,4,12:06,12,240,50,sun,30.4,77,165,1,3,2,1,0,3A,Absence
7/18/2016,4,13:08,13,302,42.9,sun,30.1,77,165,1,4.2,0,0,1,3A,Absence
7/18/2016,4,14:02,14,356,50.3,sun,29.5,77,165,1,3.8,0,0,1,3A,Absence
7/18/2016,4,15:02,15,416,44.2,sun,29.9,77,165,1,5.7,0,0,1,3A,Absence
7/18/2016,4,16:00,16,474,46.8,sun,30.6,77,165,1,5.8,0,0,1,3A,Absence
7/18/2016,4,17:08,17,542,30.8,sun,27.9,77,165,1,5.3,0,0,1,3A,Absence
7/18/2016,4,18:05,18,599,34.8,sun,29.2,77,165,1,2.7,0,0,1,3A,Absence
7/18/2016,5,8:11,8,0,23.4,sun,24.4,100,222,1,3.1,2,1,0,4A,Absence
7/18/2016,5,9:01,9,50,28.4,sun,26,100,222,1,2.2,2,1,0,4A,Absence
7/18/2016,5,10:01,10,110,25.6,shade,25.5,100,222,1,2.2,2,1,0,4A,Absence
7/18/2016,5,10:59,11,168,28.1,sun,30.3,100,222,1,2,2,1,0,4A,Absence
7/18/2016,5,12:00,12,229,31.1,sun,29.6,100,222,1,2.8,2,1,0,4A,Absence
7/18/2016,5,13:05,13,294,27.7,sun,30.3,100,222,1,0.7,2,1,0,4A,Absence
7/18/2016,5,14:00,14,349,32.2,sun,27.3,100,222,1,4.4,2,1,0,4A,Absence
7/18/2016,5,15:00,15,409,30.4,sun,27.9,100,222,1,5.5,2,1,0,4A,Absence
7/18/2016,5,15:57,16,466,30.7,sun,29.3,100,222,1,4.4,2,1,0,4A,Absence
7/18/2016,5,17:04,17,533,28.4,sun,29.1,100,222,1,2.2,2,1,0,4A,Absence
7/18/2016,5,18:08,18,597,25.6,sun,29,100,222,1,3.9,2,1,0,4A,Absence
7/18/2016,6,8:11,8,0,24.6,sun,24.4,100,222,1,3.1,2,1,0,5A,Absence
7/18/2016,6,9:01,9,50,22.1,sun,26,100,222,1,2.2,2,1,0,5A,Absence
7/18/2016,6,10:01,10,110,31.1,sun,25.5,108,222,1,2.2,2,1,0,5A,Absence
7/18/2016,6,10:59,11,168,34.1,sun,30.3,103,218,1,0,2,1,0,5A,Absence
7/18/2016,6,12:00,12,229,37.3,sun,29.6,107,218,1,2.8,2,1,0,5A,Absence
7/18/2016,6,13:03,13,292,43.4,sun,30.3,107,218,1,0.7,2,1,0,5A,Absence
7/18/2016,6,14:00,14,349,44,sun,27.3,107,218,1,4.4,2,1,0,5A,Absence
7/18/2016,6,15:00,15,409,42.8,sun,27.9,107,218,1,5.5,0,0,1,5A,Absence
7/18/2016,6,15:57,16,466,46.2,sun,29.3,107,218,1,4.4,0,0,1,5A,Absence
7/18/2016,6,17:04,17,533,30,sun,29.1,107,218,1,2.2,0,0,1,5A,Absence
7/18/2016,6,18:08,18,597,34.5,sun,29,107,218,1,3.9,0,0,1,5A,Absence
7/18/2016,7,8:11,8,0,22.3,sun,24.4,100,222,1,3.1,2,1,0,6A,Absence
7/18/2016,7,9:01,9,50,27.1,sun,26,102,222,1,2.2,2,1,0,6A,Absence
7/18/2016,7,10:01,10,110,30.5,sun,25.5,102,222,1,2.2,0,0,1,6A,Absence
7/18/2016,7,10:59,11,168,36.6,sun,30.3,108,219,1,2,0,0,1,6A,Absence
7/18/2016,7,12:00,12,229,37.7,sun,29.6,108,219,1,2.8,0,0,1,6A,Absence
7/18/2016,7,13:04,13,293,43.4,sun,30.3,108,219,1,0.7,0,0,1,6A,Absence
7/18/2016,7,14:00,14,349,40.3,sun,27.3,108,219,1,4.4,0,0,1,6A,Absence
7/18/2016,7,15:00,15,409,36.3,sun,27.9,108,219,1,5.5,0,0,1,6A,Absence
7/18/2016,7,15:57,16,466,42.9,sun,29.3,108,219,1,4.4,0,0,1,6A,Absence
7/18/2016,7,17:04,17,533,32.1,sun,29.1,108,219,1,2.2,0,0,1,6A,Absence
7/18/2016,7,18:08,18,597,33.6,sun,29,108,219,1,3.9,0,0,1,6A,Absence
7/18/2016,8,8:03,8,0,23.4,sun,25.3,100,45,0,1.1,2,1,0,1P,Present
7/18/2016,8,9:11,9,68,.,.,25.8,100,45,0,0,2,1,0,1P,Present
7/18/2016,8,10:10,10,127,.,.,26.6,100,45,0,8.7,2,1,0,1P,Present
7/18/2016,8,11:24,11,201,.,.,30,100,45,0,5,2,1,0,1P,Present
7/18/2016,8,12:17,12,254,.,.,32.6,100,45,0,1.6,2,1,0,1P,Present
7/18/2016,8,13:15,13,312,.,.,31.5,100,45,0,4.7,2,1,0,1P,Present
7/18/2016,8,14:07,14,364,.,.,30,100,45,0,2.6,2,1,0,1P,Present
7/18/2016,8,15:08,15,425,.,.,30.9,100,45,0,4.9,2,1,0,1P,Present
7/18/2016,8,16:05,16,482,.,.,30.7,100,45,0,2.3,2,1,0,1P,Present
7/18/2016,8,17:10,17,547,.,.,27.7,100,45,0,2.8,2,1,0,1P,Present
7/18/2016,8,18:02,18,599,.,.,28.4,100,45,0,3.9,2,1,0,1P,Present
7/18/2016,10,8:03,8,0,.,.,25.3,100,45,0,1.1,2,1,0,2P,Present
7/18/2016,10,9:11,9,68,.,.,25.8,100,45,0,0,2,1,0,2P,Present
7/18/2016,10,10:10,10,127,.,.,26.6,100,45,0,8.7,2,1,0,2P,Present
7/18/2016,10,11:24,11,201,.,.,30,100,45,0,5,2,1,0,2P,Present
7/18/2016,10,12:17,12,254,.,.,32.6,100,45,0,1.6,2,1,0,2P,Present
7/18/2016,10,13:15,13,312,.,.,31.5,100,45,0,4.7,2,1,0,2P,Present
7/18/2016,10,14:07,14,364,.,.,30,100,45,0,2.6,2,1,0,2P,Present
7/18/2016,10,15:08,15,425,.,.,30.9,100,45,0,4.9,2,1,0,2P,Present
7/18/2016,10,16:05,16,482,.,.,30.7,100,45,0,2.3,2,1,0,2P,Present
7/18/2016,10,17:10,17,547,.,.,27.7,100,45,0,2.8,2,1,0,2P,Present
7/18/2016,10,18:02,18,599,.,.,28.4,100,45,0,3.9,2,1,0,2P,Present
7/18/2016,11,8:03,8,0,.,.,25.3,100,45,0,1.1,2,1,0,3P,Present
7/18/2016,11,9:11,9,68,.,.,25.8,100,45,0,0,2,1,0,3P,Present
7/18/2016,11,10:10,10,127,.,.,26.6,100,45,0,8.7,2,1,0,3P,Present
7/18/2016,11,11:24,11,201,.,.,30,100,45,0,5,2,1,0,3P,Present
7/18/2016,11,12:17,12,254,.,.,32.6,100,45,0,1.6,2,1,0,3P,Present
7/18/2016,11,13:15,13,312,.,.,31.5,100,45,0,4.7,2,1,0,3P,Present
7/18/2016,11,14:07,14,364,.,.,30,100,45,0,2.6,2,1,0,3P,Present
7/18/2016,11,15:08,15,425,.,.,30.9,100,45,0,4.9,2,1,0,3P,Present
7/18/2016,11,16:05,16,482,.,.,30.7,100,45,0,2.3,2,1,0,3P,Present
7/18/2016,11,17:10,17,547,.,.,27.7,100,45,0,2.8,2,1,0,3P,Present
7/18/2016,11,18:02,18,599,.,.,28.4,100,45,0,3.9,2,1,0,3P,Present
7/18/2016,12,7:59,8,0,.,.,24.8,100,315,0,0,2,1,0,4P,Present
7/18/2016,12,9:06,9,67,.,.,26.6,100,315,0,0,2,1,0,4P,Present
7/18/2016,12,10:07,10,128,.,.,25.2,100,315,0,1,2,1,0,4P,Present
7/18/2016,12,11:07,11,188,.,.,32.2,100,315,0,0,2,1,0,4P,Present
7/18/2016,12,12:22,12,263,.,.,33,100,315,0,0.1,2,1,0,4P,Present
7/18/2016,12,13:19,13,320,.,.,34.4,100,315,0,0,2,1,0,4P,Present
7/18/2016,12,14:11,14,372,.,.,35.2,100,315,0,0,2,1,0,4P,Present
7/18/2016,12,15:11,15,432,.,.,35.6,100,315,0,0.6,2,1,0,4P,Present
7/18/2016,12,16:09,16,490,.,.,31.3,100,315,0,4.5,2,1,0,4P,Present
7/18/2016,12,17:12,17,553,.,.,31,100,315,0,0,2,1,0,4P,Present
7/18/2016,12,18:11,18,612,.,.,31.1,100,315,0,1.3,2,1,0,4P,Present
7/18/2016,13,7:59,8,0,.,.,24.8,100,315,0,0,2,1,0,5P,Present
7/18/2016,13,9:06,9,67,.,.,26.6,100,315,0,0,2,1,0,5P,Present
7/18/2016,13,10:07,10,128,.,.,25.2,100,315,0,1,2,1,0,5P,Present
7/18/2016,13,11:07,11,188,.,.,32.2,100,315,0,0,2,1,0,5P,Present
7/18/2016,13,12:22,12,263,.,.,33,100,315,0,0.1,2,1,0,5P,Present
7/18/2016,13,13:19,13,320,.,.,34.4,100,315,0,0,2,1,0,5P,Present
7/18/2016,13,14:11,14,372,.,.,35.2,100,315,0,0,2,1,0,5P,Present
7/18/2016,13,15:11,15,432,.,.,35.6,100,315,0,0.6,2,1,0,5P,Present
7/18/2016,13,16:09,16,490,.,.,31.3,100,315,0,4.5,2,1,0,5P,Present
7/18/2016,13,17:12,17,553,.,.,31,100,315,0,0,2,1,0,5P,Present
7/18/2016,13,18:11,18,612,.,.,31.1,100,315,0,1.3,2,1,0,5P,Present
7/18/2016,14,7:59,8,0,.,.,24.8,100,315,0,0,2,1,0,6P,Present
7/18/2016,14,9:06,9,67,.,.,26.6,100,315,0,0,2,1,0,6P,Present
7/18/2016,14,10:07,10,128,.,.,25.2,100,315,0,1,2,1,0,6P,Present
7/18/2016,14,11:07,11,188,.,.,32.2,100,315,0,0,2,1,0,6P,Present
7/18/2016,14,12:22,12,263,.,.,33,100,315,0,0.1,2,1,0,6P,Present
7/18/2016,14,13:19,13,320,.,.,34.4,100,315,0,0,2,1,0,6P,Present
7/18/2016,14,14:11,14,372,.,.,35.2,100,315,0,0,2,1,0,6P,Present
7/18/2016,14,15:11,15,432,.,.,35.6,100,315,0,0.6,2,1,0,6P,Present
7/18/2016,14,16:09,16,490,.,.,.,.,.,.,.,.,.,.,6P,Present
7/18/2016,14,17:12,17,553,.,.,.,.,.,.,.,.,.,.,6P,Present
7/18/2016,14,18:11,18,612,.,.,31.1,100,315,0,1.3,2,1,0,6P,Present
7/19/2016,9,8:12,8,0,23.6,sun,24.8,100,54,1,2.5,2,1,0,7A,Absence
7/19/2016,9,9:07,9,55,34.2,sun,27.6,101,53,1,0.5,2,1,0,7A,Absence
7/19/2016,9,10:07,10,115,39.5,sun,29.5,103,53,1,0.8,2,1,0,7A,Absence
7/19/2016,9,11:08,11,176,44.3,sun,31.4,103,53,1,0.1,2,1,0,7A,Absence
7/19/2016,9,12:08,12,236,50.4,sun,31.7,103,53,1,0.6,2,1,0,7A,Absence
7/19/2016,9,13:10,13,298,52.2,sun,30.8,103,53,1,1,2,1,0,7A,Absence
7/19/2016,9,14:07,14,355,52.1,sun,31.9,103,53,1,3,0,0,1,7A,Absence
7/19/2016,9,15:04,15,412,41.3,sun,30.7,103,53,1,1,0,0,1,7A,Absence
7/19/2016,9,16:03,16,471,46.9,sun,32.1,103,53,1,5.9,0,0,1,7A,Absence
7/19/2016,9,17:06,17,534,41.9,sun,31.9,103,53,1,2.3,0,0,1,7A,Absence
7/19/2016,9,18:01,18,589,35.6,sun,33.2,103,53,1,0,0,0,1,7A,Absence
7/19/2016,15,8:07,8,0,22.8,sun,22.6,100,154,1,2,2,1,0,10A,Absence
7/19/2016,15,8:59,9,52,26.1,sun,28,103,162,1,0.3,2,1,0,10A,Absence
7/19/2016,15,10:02,10,115,30.7,sun,27.1,96,172,1,3.2,2,1,0,10A,Absence
7/19/2016,15,11:01,11,174,54.5,sun,29.4,96,174,1,0.2,0,0,1,10A,Absence
7/19/2016,15,12:03,12,236,55,sun,30.4,96,174,1,0.1,0,0,1,10A,Absence
7/19/2016,15,13:00,13,293,48.5,sun,30,96,174,1,0,0,0,1,10A,Absence
7/19/2016,15,14:03,14,356,55.5,sun,32.7,96,174,1,3.5,0,0,1,10A,Absence
7/19/2016,15,15:01,15,414,50.5,sun,33.2,96,174,1,0.6,0,0,1,10A,Absence
7/19/2016,15,16:00,16,473,43.5,sun,32.6,96,174,1,0,0,0,1,10A,Absence
7/19/2016,15,17:03,17,536,34.8,sun,31.1,96,174,1,3.6,0,0,1,10A,Absence
7/19/2016,15,17:58,18,591,30.6,sun,31.7,96,174,1,1.1,0,0,1,10A,Absence
7/19/2016,16,8:07,8,0,22.8,sun,22.6,100,154,1,2,2,1,0,9A,Absence
7/19/2016,16,8:59,9,52,25.4,sun,28,102,157,1,0.3,2,1,0,9A,Absence
7/19/2016,16,10:02,10,115,30.4,sun,27.1,102,160,1,3.2,2,1,0,9A,Absence
7/19/2016,16,11:01,11,174,35.6,sun,30.2,104,158,1,1.8,2,1,0,9A,Absence
7/19/2016,16,12:03,12,236,32.3,sun,30.3,100,164,1,1.4,2,1,0,9A,Absence
7/19/2016,16,13:07,13,300,30.8,sun,29.5,100,164,1,0,0,0,1,9A,Absence
7/19/2016,16,14:03,14,356,34.8,sun,31.2,100,164,1,3.6,0,0,1,9A,Absence
7/19/2016,16,15:01,15,414,37,sun,33.6,100,164,1,0,0,0,1,9A,Absence
7/19/2016,16,16:00,16,473,35.6,sun,32.1,100,164,1,0,0,0,1,9A,Absence
7/19/2016,16,17:03,17,536,34,sun,31.7,100,164,1,1,0,0,1,9A,Absence
7/19/2016,16,17:58,18,591,32.4,sun,31.8,100,164,1,0.1,0,0,1,9A,Absence
7/19/2016,17,8:07,8,0,22.8,sun,22.6,100,154,1,2,2,1,0,8A,Absence
7/19/2016,17,8:59,9,52,26.8,sun,28,103,163,1,0.3,2,1,0,8A,Absence
7/19/2016,17,10:02,10,115,25.7,sun,27.1,96,172,1,3.2,2,1,0,8A,Absence
7/19/2016,17,11:01,11,174,50.4,sun,29.4,96,174,1,0.2,2,1,0,8A,Absence
7/19/2016,17,12:03,12,236,50.4,sun,30.4,96,174,1,0.1,2,1,0,8A,Absence
7/19/2016,17,13:00,13,293,42.4,sun,30,96,174,1,0,0,0,1,8A,Absence
7/19/2016,17,14:03,14,356,57.2,sun,32.7,96,174,1,3.5,0,0,1,8A,Absence
7/19/2016,17,15:01,15,414,54,sun,33.2,96,174,1,0.6,0,0,1,8A,Absence
7/19/2016,17,16:00,16,473,52.6,sun,32.6,96,174,1,0,0,0,1,8A,Absence
7/19/2016,17,17:03,17,536,43.5,sun,31.7,96,174,1,1,0,0,1,8A,Absence
7/19/2016,17,17:58,18,591,40.8,sun,31.7,96,174,1,1.1,0,0,1,8A,Absence
7/19/2016,18,8:07,8,0,22.8,sun,22.6,100,154,1,2,2,1,0,13A,Absence
7/19/2016,18,8:59,9,52,31.9,sun,28,103,159,1,0.3,2,1,0,13A,Absence
7/19/2016,18,10:02,10,115,31.3,sun,27.1,102,166,1,3.2,2,1,0,13A,Absence
7/19/2016,18,11:01,11,174,42.9,sun,30.4,90,149,1,2,2,1,0,13A,Absence
7/19/2016,18,12:03,12,236,38,sun,31.1,80,148,1,1,2,1,0,13A,Absence
7/19/2016,18,13:07,13,300,41,sun,30.5,80,148,1,0.2,0,0,1,13A,Absence
7/19/2016,18,14:03,14,356,41.8,sun,31.2,80,148,1,3.7,0,0,1,13A,Absence
7/19/2016,18,15:01,15,414,42.3,sun,32.4,80,148,1,2,0,0,1,13A,Absence
7/19/2016,18,16:00,16,473,42.2,sun,33.9,80,148,1,0,0,0,1,13A,Absence
7/19/2016,18,17:03,17,536,39.6,sun,30.9,80,148,1,1.2,0,0,1,13A,Absence
7/19/2016,18,17:58,18,591,35.6,sun,32.5,80,148,1,0.6,0,0,1,13A,Absence
7/19/2016,19,8:02,8,0,.,.,21.6,100,225,0,2.5,2,1,0,8P,Present
7/19/2016,19,8:56,9,54,.,.,25.6,100,225,0,0.9,2,1,0,8P,Present
7/19/2016,19,9:55,10,113,.,.,24.9,100,225,0,3.4,2,1,0,8P,Present
7/19/2016,19,10:57,11,175,.,.,28.2,100,225,0,0.4,2,1,0,8P,Present
7/19/2016,19,11:58,12,236,49.6,sun,28.6,100,225,0,2.6,0,0,1,8P,Present
7/19/2016,19,13:00,13,298,51.4,sun,30,100,225,0,0,0,0,1,8P,Present
7/19/2016,19,13:58,14,356,51.6,sun,29.9,100,225,0,3.5,0,0,1,8P,Present
7/19/2016,19,14:58,15,416,37.9,sun,31.9,100,225,0,2,0,0,1,8P,Present
7/19/2016,19,15:58,16,476,34.2,sun,32.6,100,225,0,0,0,0,1,8P,Present
7/19/2016,19,16:59,17,537,37.1,sun,31.1,100,225,0,2.5,0,0,1,8P,Present
7/19/2016,19,17:56,18,594,38.4,sun,31.8,100,225,0,0.8,0,0,1,8P,Present
7/19/2016,20,8:17,8,0,.,.,24.5,100,315,0,0.5,2,1,0,12P,Present
7/19/2016,20,9:20,9,63,.,.,27.7,100,315,0,1.4,2,1,0,12P,Present
7/19/2016,20,10:12,10,115,.,.,29,100,315,0,0,2,1,0,12P,Present
7/19/2016,20,11:14,11,177,.,.,30.7,100,315,0,2.5,2,1,0,12P,Present
7/19/2016,20,12:12,12,235,.,.,32.2,100,315,0,1.5,2,1,0,12P,Present
7/19/2016,20,13:13,13,296,.,.,30,100,315,0,1.9,2,1,0,12P,Present
7/19/2016,20,14:09,14,352,.,.,31.3,100,315,0,1.3,2,1,0,12P,Present
7/19/2016,20,15:08,15,411,.,.,33.4,100,315,0,0,2,1,0,12P,Present
7/19/2016,20,16:06,16,469,.,.,32.7,100,315,0,2.7,2,1,0,12P,Present
7/19/2016,20,17:08,17,531,.,.,31.9,100,315,0,0,2,1,0,12P,Present
7/19/2016,20,18:04,18,587,.,.,32.3,100,315,0,1.9,2,1,0,12P,Present
7/19/2016,21,8:17,8,0,.,.,24.5,100,315,0,0.5,2,1,0,15P,Present
7/19/2016,21,9:20,9,63,.,.,27.7,100,315,0,1.4,2,1,0,15P,Present
7/19/2016,21,10:12,10,115,.,.,29,100,315,0,0,2,1,0,15P,Present
7/19/2016,21,11:14,11,177,.,.,30.7,100,315,0,2.5,2,1,0,15P,Present
7/19/2016,21,12:12,12,235,.,.,32.2,100,315,0,1.5,2,1,0,15P,Present
7/19/2016,21,13:13,13,296,.,.,30,100,315,0,1.9,2,1,0,15P,Present
7/19/2016,21,14:09,14,352,.,.,31.3,100,315,0,1.3,2,1,0,15P,Present
7/19/2016,21,15:08,15,411,.,.,33.4,100,315,0,0,2,1,0,15P,Present
7/19/2016,21,16:06,16,469,.,.,32.7,100,315,0,2.7,2,1,0,15P,Present
7/19/2016,21,17:08,17,531,50.5,sun,31.9,100,315,0,0,0,0,1,15P,Present
7/19/2016,21,18:04,18,587,32,sun,32.3,100,315,0,1.9,0,0,1,15P,Present
7/19/2016,22,8:12,8,0,23.6,sun,24.8,100,54,1,2.5,2,1,0,15A,Absence
7/19/2016,22,9:07,9,55,27.7,sun,27.6,100,50,1,0.5,2,1,0,15A,Absence
7/19/2016,22,10:07,10,115,36.8,sun,29.5,100,50,1,0.8,2,1,0,15A,Absence
7/19/2016,22,11:08,11,176,51.7,sun,31.4,102,50,1,0.1,2,1,0,15A,Absence
7/19/2016,22,12:08,12,236,46.6,sun,31.7,100,45,1,0.6,2,1,0,15A,Absence
7/19/2016,22,13:10,13,298,40.9,sun,30.8,100,45,1,1,2,1,0,15A,Absence
7/19/2016,22,14:07,14,355,50.1,sun,31.9,100,45,1,3,0,0,1,15A,Absence
7/19/2016,22,15:04,15,412,39.1,sun,30.7,100,45,1,1,0,0,1,15A,Absence
7/19/2016,22,16:03,16,471,45.7,sun,32.1,100,45,1,5.9,0,0,1,15A,Absence
7/19/2016,22,17:06,17,534,41,sun,31.9,100,45,1,2.3,0,0,1,15A,Absence
7/19/2016,22,18:01,18,589,35.2,sun,33.2,100,45,1,0,0,0,1,15A,Absence
7/19/2016,23,8:17,8,0,.,.,24.5,100,315,0,0.5,2,1,0,14P,Present
7/19/2016,23,9:20,9,63,.,.,27.7,100,315,0,1.4,2,1,0,14P,Present
7/19/2016,23,10:12,10,115,.,.,29,100,315,0,0,2,1,0,14P,Present
7/19/2016,23,11:14,11,177,.,.,30.7,100,315,0,2.5,2,1,0,14P,Present
7/19/2016,23,12:12,12,235,.,.,32.2,100,315,1,1.5,2,1,0,14P,Present
7/19/2016,23,13:13,13,296,49.4,sun,32.2,108,312,1,1.2,2,1,0,14P,Present
7/19/2016,23,14:09,14,352,46.7,sun,31.3,108,312,1,1.3,0,0,1,14P,Present
7/19/2016,23,15:08,15,411,51.8,sun,33.4,108,312,1,0,0,0,1,14P,Present
7/19/2016,23,16:06,16,469,48.2,sun,32.7,108,312,1,2.7,0,0,1,14P,Present
7/19/2016,23,17:08,17,531,42.2,sun,31.9,108,312,1,0,0,0,1,14P,Present
7/19/2016,23,18:04,18,587,29.1,sun,32.3,108,312,1,1.9,0,0,1,14P,Present
7/19/2016,24,8:02,8,0,.,.,21.6,100,225,0,2.5,2,1,0,7P,Present
7/19/2016,24,8:56,9,54,.,.,25.6,100,225,0,0.9,2,1,0,7P,Present
7/19/2016,24,9:55,10,113,.,.,24.9,100,225,0,3.4,2,1,0,7P,Present
7/19/2016,24,10:57,11,175,.,.,28.2,100,225,0,0.4,2,1,0,7P,Present
7/19/2016,24,11:58,12,236,.,.,28.6,100,225,0,2.6,2,1,0,7P,Present
7/19/2016,24,13:00,13,298,.,.,30,100,225,0,0,2,1,0,7P,Present
7/19/2016,24,13:58,14,356,.,.,29.9,100,225,0,3.5,2,1,0,7P,Present
7/19/2016,24,14:58,15,416,.,.,31.9,100,225,0,2,2,1,0,7P,Present
7/19/2016,24,15:58,16,476,.,.,32.6,100,225,0,0,2,1,0,7P,Present
7/19/2016,24,16:59,17,537,.,.,31.1,100,225,0,2.5,2,1,0,7P,Present
7/19/2016,24,17:56,18,594,.,.,31.8,100,225,0,0.8,2,1,0,7P,Present
7/19/2016,25,8:17,8,0,.,.,24.5,100,315,0,0.5,2,1,0,13P,Present
7/19/2016,25,9:20,9,63,.,.,27.7,100,315,0,1.4,2,1,0,13P,Present
7/19/2016,25,10:12,10,115,.,.,29,100,315,0,0,2,1,0,13P,Present
7/19/2016,25,11:14,11,177,.,.,30.7,100,315,0,2.5,2,1,0,13P,Present
7/19/2016,25,12:12,12,235,.,.,32.2,100,315,0,1.5,2,1,0,13P,Present
7/19/2016,25,13:13,13,296,.,.,30,100,315,0,1.9,2,1,0,13P,Present
7/19/2016,25,14:09,14,352,.,.,31.3,100,315,0,1.3,2,1,0,13P,Present
7/19/2016,25,15:08,15,411,.,.,33.4,100,315,0,0,2,1,0,13P,Present
7/19/2016,25,16:06,16,469,.,.,32.7,100,315,0,2.7,2,1,0,13P,Present
7/19/2016,25,17:08,17,531,.,.,31.9,100,315,0,0,2,1,0,13P,Present
7/19/2016,25,18:04,18,587,.,.,32.3,100,315,0,1.9,2,1,0,13P,Present
7/19/2016,26,8:12,8,0,23.6,sun,24.8,100,54,1,2.5,2,1,0,11A,Absence
7/19/2016,26,9:07,9,55,35.2,sun,27.6,102,53,1,0.5,2,1,0,11A,Absence
7/19/2016,26,10:07,10,115,35.6,sun,29.5,102,53,1,0.8,2,1,0,11A,Absence
7/19/2016,26,11:08,11,176,48.9,sun,31.4,102,53,1,0.1,2,1,0,11A,Absence
7/19/2016,26,12:08,12,236,50.6,sun,31.7,102,53,1,0.6,2,1,0,11A,Absence
7/19/2016,26,13:10,13,298,51.1,sun,30.8,102,53,1,1,2,1,0,11A,Absence
7/19/2016,26,14:07,14,355,55.6,sun,31.9,102,53,1,3,2,1,0,11A,Absence
7/19/2016,26,15:04,15,412,44.5,sun,30.7,102,53,1,1,2,1,0,11A,Absence
7/19/2016,26,16:03,16,471,51.7,sun,32.1,102,53,1,5.9,2,1,0,11A,Absence
7/19/2016,26,17:06,17,534,47.1,sun,31.9,102,53,1,2.3,2,1,0,11A,Absence
7/19/2016,26,18:01,18,589,44.3,sun,33.2,102,53,1,0,2,1,0,11A,Absence
7/19/2016,27,8:12,8,0,23.6,sun,24.8,100,54,1,2.5,2,1,0,12A,Absence
7/19/2016,27,9:07,9,55,32.7,sun,27.6,104,50,1,0.5,2,1,0,12A,Absence
7/19/2016,27,10:07,10,115,38.9,sun,29.5,103,52,1,0.8,2,1,0,12A,Absence
7/19/2016,27,11:08,11,176,48.7,sun,31.4,103,52,1,0.1,2,1,0,12A,Absence
7/19/2016,27,12:08,12,236,51.2,sun,31.7,103,52,1,0.6,2,1,0,12A,Absence
7/19/2016,27,13:10,13,298,50,sun,30.8,103,52,1,1,2,1,0,12A,Absence
7/19/2016,27,14:07,14,355,55.4,sun,31.9,103,52,1,3,0,0,1,12A,Absence
7/19/2016,27,15:04,15,412,41.5,sun,30.7,103,52,1,1,0,0,1,12A,Absence
7/19/2016,27,16:03,16,471,54,sun,32.1,103,52,1,5.9,0,0,1,12A,Absence
7/19/2016,27,17:06,17,534,49.6,sun,31.9,103,52,1,2.3,0,0,1,12A,Absence
7/19/2016,27,18:01,18,589,45.3,sun,33.2,103,52,1,0,0,0,1,12A,Absence
7/19/2016,28,8:12,8,0,23.6,sun,24.8,100,54,1,2.5,2,1,0,14A,Absence
7/19/2016,28,9:07,9,55,32.8,sun,27.6,97,42,1,0.5,2,1,0,14A,Absence
7/19/2016,28,10:07,10,115,40.8,sun,28.6,96,31,1,1.8,2,1,0,14A,Absence
7/19/2016,28,11:08,11,176,44.7,sun,31.5,95,21,1,1.9,2,1,0,14A,Absence
7/19/2016,28,12:08,12,236,44.9,sun,32.4,90,24,1,3.4,2,1,0,14A,Absence
7/19/2016,28,13:10,13,298,46.6,sun,30.2,90,24,1,1.5,0,0,1,14A,Absence
7/19/2016,28,14:07,14,355,49.8,sun,31.8,90,24,1,2.7,0,0,1,14A,Absence
7/19/2016,28,15:07,15,415,45,sun,31.7,90,24,1,0.7,0,0,1,14A,Absence
7/19/2016,28,16:05,16,473,43.6,sun,32.3,90,24,1,2.6,0,0,1,14A,Absence
7/19/2016,28,17:06,17,534,40.2,sun,31.6,90,24,1,1.7,0,0,1,14A,Absence
7/19/2016,28,18:01,18,589,37.8,sun,33.3,90,24,1,1,0,0,1,14A,Absence
7/19/2016,29,8:02,8,0,.,.,21.6,100,225,0,2.5,2,1,0,9P,Present
7/19/2016,29,8:56,9,54,27.3,sun,25.6,100,225,1,0.9,2,1,0,9P,Present
7/19/2016,29,9:55,10,113,39.6,sun,24.9,109,224,1,3.4,2,1,0,9P,Present
7/19/2016,29,10:57,11,175,53.2,sun,28.2,110,228,1,0.4,2,1,0,9P,Present
7/19/2016,29,11:58,12,236,54.1,sun,28.6,110,228,1,2.6,2,1,0,9P,Present
7/19/2016,29,13:00,13,298,52.7,sun,28.7,110,228,1,3.1,0,0,1,9P,Present
7/19/2016,29,13:58,14,356,55.8,sun,29.9,110,228,1,3.5,0,0,1,9P,Present
7/19/2016,29,14:58,15,416,51.9,sun,31.9,110,228,1,2.5,0,0,1,9P,Present
7/19/2016,29,15:58,16,476,47.2,sun,30.6,110,228,1,2.1,0,0,1,9P,Present
7/19/2016,29,16:59,17,537,42.2,sun,30.8,110,228,1,4.6,0,0,1,9P,Present
7/19/2016,29,17:53,18,591,40.4,sun,31.1,110,228,1,1.7,0,0,1,9P,Present
7/19/2016,30,8:02,8,0,.,.,21.6,100,225,0,2.5,2,1,0,11P,Present
7/19/2016,30,8:56,9,54,.,.,25.6,100,225,0,0.9,2,1,0,11P,Present
7/19/2016,30,9:55,10,113,.,.,24.9,100,225,0,3.4,2,1,0,11P,Present
7/19/2016,30,10:57,11,175,.,.,28.2,100,225,0,0.4,2,1,0,11P,Present
7/19/2016,30,11:58,12,236,.,.,28.6,100,225,0,2.6,2,1,0,11P,Present
7/19/2016,30,13:00,13,298,.,.,30,100,225,1,0,2,1,0,11P,Present
7/19/2016,30,13:58,14,356,32,sun,29.9,97,225,1,3.5,2,1,0,11P,Present
7/19/2016,30,14:58,15,416,31.3,sun,31.9,97,225,1,2.5,2,1,0,11P,Present
7/19/2016,30,15:58,16,476,39.9,sun,30.6,97,225,1,0,0,0,1,11P,Present
7/19/2016,30,16:59,17,537,33.3,sun,30.8,97,225,1,4.6,0,0,1,11P,Present
7/19/2016,30,17:56,18,594,30,sun,31.8,97,225,1,0.8,0,0,1,11P,Present
7/19/2016,31,8:02,8,0,.,.,21.6,100,225,0,2.5,2,1,0,10P,Present
7/19/2016,31,8:56,9,54,.,.,25.6,100,225,1,0.9,2,1,0,10P,Present
7/19/2016,31,9:55,10,113,24.8,sun,24.9,114,218,1,3.4,2,1,0,10P,Present
7/19/2016,31,10:57,11,175,40.2,sun,28.2,125,224,1,0.4,2,1,0,10P,Present
7/19/2016,31,11:58,12,236,45.5,sun,28.6,125,224,1,2.6,2,1,0,10P,Present
7/19/2016,31,13:00,13,298,43.3,sun,28.7,125,224,1,3.1,0,0,1,10P,Present
7/19/2016,31,13:58,14,356,52.6,sun,29.9,125,224,1,3.5,0,0,1,10P,Present
7/19/2016,31,14:58,15,416,49.9,sun,31.9,125,224,1,2.5,0,0,1,10P,Present
7/19/2016,31,15:58,16,476,47.5,sun,30.6,125,224,1,2.1,0,0,1,10P,Present
7/19/2016,31,16:59,17,537,43.4,sun,30.8,125,224,1,4.6,0,0,1,10P,Present
7/19/2016,31,17:53,18,591,39.5,sun,31.1,125,224,1,1.7,0,0,1,10P,Present
7/20/2016,32,7:56,8,0,27.3,sun,24.3,100,225,0,0,2,1,0,17P,Present
7/20/2016,32,9:00,9,64,.,.,25.9,100,225,0,1.8,2,1,0,17P,Present
7/20/2016,32,9:59,10,123,.,.,29.9,100,225,0,5.6,2,1,0,17P,Present
7/20/2016,32,10:59,11,183,.,.,25.7,100,225,0,3.3,2,1,0,17P,Present
7/20/2016,32,11:57,12,241,.,.,24.1,100,225,0,1.9,2,1,0,17P,Present
7/20/2016,32,12:59,13,303,.,.,29.4,100,225,1,2.2,2,1,0,17P,Present
7/20/2016,32,13:59,14,363,45.6,sun,30.6,116,224,1,0.6,0,0,1,17P,Present
7/20/2016,32,14:59,15,423,44.4,sun,32.5,116,224,1,3.4,0,0,1,17P,Present
7/20/2016,32,15:57,16,481,45.4,sun,34.4,.,.,.,2.5,0,0,1,17P,Present
7/20/2016,32,16:58,17,542,39.8,sun,30.7,.,.,.,3.6,0,0,1,17P,Present
7/20/2016,32,17:56,18,600,33.4,sun,27.9,.,.,.,0.4,0,0,1,17P,Present
7/20/2016,33,7:56,8,0,27.3,sun,24.3,100,225,0,0,2,1,0,16P,Present
7/20/2016,33,9:00,9,64,.,.,25.9,100,225,0,1.8,2,1,0,16P,Present
7/20/2016,33,9:59,10,123,.,.,29.9,100,225,0,5.6,2,1,0,16P,Present
7/20/2016,33,11:05,11,189,27.6,shade,25.7,99,225,1,3.3,2,1,0,16P,Present
7/20/2016,33,11:57,12,241,26.7,shade,24.1,99,225,1,1.9,1,1,0,16P,Present
7/20/2016,33,12:59,13,303,55.9,sun,29.4,99,225,1,2.2,0,0,1,16P,Present
7/20/2016,33,13:59,14,363,39.8,sun,30.6,99,225,1,0.6,0,0,1,16P,Present
7/20/2016,33,14:59,15,423,33.3,sun,32.5,.,.,.,3.4,0,0,1,16P,Present
7/20/2016,33,15:57,16,481,40.7,sun,34.4,.,.,.,2.5,0,0,1,16P,Present
7/20/2016,33,16:58,17,542,33.4,sun,30.7,.,.,.,3.6,0,0,1,16P,Present
7/20/2016,33,17:56,18,600,27.8,sun,27.9,.,.,.,0.4,0,0,1,16P,Present
7/20/2016,34,8:04,8,0,27.3,shade,23,102,318,1,3.7,2,1,0,25A,Absence
7/20/2016,34,9:14,9,70,35.2,sun,26.1,103,312,1,2.4,2,1,0,25A,Absence
7/20/2016,34,10:12,10,128,35.9,sun,28,103,312,1,5.8,2,1,0,25A,Absence
7/20/2016,34,11:16,11,192,26.7,shade,24.3,103,312,1,3.9,2,1,0,25A,Absence
7/20/2016,34,12:06,12,242,29.3,shade,24.6,103,312,1,4.6,2,1,0,25A,Absence
7/20/2016,34,13:09,13,305,52.1,sun,30.6,103,312,1,1,0,0,1,25A,Absence
7/20/2016,34,14:19,14,375,52.1,sun,30.7,103,312,1,4.3,0,0,1,25A,Absence
7/20/2016,34,15:11,15,427,45.4,sun,31.7,.,.,.,5.1,0,0,1,25A,Absence
7/20/2016,34,16:13,16,489,48,sun,34.5,.,.,.,2,0,0,1,25A,Absence
7/20/2016,34,17:05,17,541,33.7,sun,30.1,.,.,.,2.3,0,0,1,25A,Absence
7/20/2016,34,18:04,18,600,30.5,sun,28.2,.,.,.,0.6,0,0,1,25A,Absence
7/20/2016,35,8:04,8,0,27.3,shade,23,102,318,1,3.7,2,1,0,24A,Absence
7/20/2016,35,9:14,9,70,30.4,sun,26.1,103,312,1,2.4,2,1,0,24A,Absence
7/20/2016,35,10:12,10,128,35.1,sun,28,103,312,1,5.8,2,1,0,24A,Absence
7/20/2016,35,11:16,11,192,26.7,shade,24.3,103,312,1,3.9,2,1,0,24A,Absence
7/20/2016,35,12:06,12,242,27.6,shade,24.6,103,312,1,4.6,0,0,1,24A,Absence
7/20/2016,35,13:09,13,305,44.2,sun,30.6,103,312,1,1,0,0,1,24A,Absence
7/20/2016,35,14:19,14,375,43.8,sun,30.7,103,312,1,4.3,0,0,1,24A,Absence
7/20/2016,35,15:11,15,427,45.4,sun,31.7,.,.,.,5.1,0,0,1,24A,Absence
7/20/2016,35,16:13,16,489,48,sun,34.5,.,.,.,2,0,0,1,24A,Absence
7/20/2016,35,17:05,17,541,33.7,sun,30.1,.,.,.,2.3,0,0,1,24A,Absence
7/20/2016,35,18:04,18,600,30.5,sun,28.2,.,.,.,0.6,0,0,1,24A,Absence
7/20/2016,36,7:58,8,0,.,.,24,100,135,0,0.2,2,1,0,21P,Present
7/20/2016,36,9:04,9,66,.,.,27.6,100,135,0,0,2,1,0,21P,Present
7/20/2016,36,10:04,10,126,.,.,30.1,100,135,0,1.3,2,1,0,21P,Present
7/20/2016,36,11:08,11,190,.,.,25.1,100,135,0,2.2,2,1,0,21P,Present
7/20/2016,36,12:01,12,243,.,.,24.8,100,135,0,2.1,2,1,0,21P,Present
7/20/2016,36,13:03,13,305,.,,29.2,100,135,0,3.1,2,1,0,21P,Present
7/20/2016,36,14:08,14,370,.,.,29.7,100,135,0,2.9,2,1,0,21P,Present
7/20/2016,36,15:03,15,425,.,.,34.1,100,135,0,1.6,2,1,0,21P,Present
7/20/2016,36,16:00,16,482,.,.,33.8,100,135,0,2.5,2,1,0,21P,Present
7/20/2016,36,17:02,17,544,.,.,30.5,100,135,0,3,2,1,0,21P,Present
7/20/2016,36,17:59,18,601,.,.,27.7,100,135,0,1.3,2,1,0,21P,Present
7/20/2016,37,7:58,8,0,.,.,24,100,135,0,0.2,2,1,0,22P,Present
7/20/2016,37,9:00,9,62,.,.,27.6,100,135,0,0,2,1,0,22P,Present
7/20/2016,37,10:04,10,126,.,.,30.1,100,135,0,1.3,2,1,0,22P,Present
7/20/2016,37,11:08,11,190,.,.,25.1,100,135,0,2.2,2,1,0,22P,Present
7/20/2016,37,12:01,12,243,24.4,shade,24.8,100,135,0,2.1,2,1,0,22P,Present
7/20/2016,37,13:03,13,305,28.7,sun,29.2,100,135,0,3.1,2,1,0,22P,Present
7/20/2016,37,14:08,14,370,34.1,sun,29.7,100,135,0,2.9,2,1,0,22P,Present
7/20/2016,37,15:03,15,425,30.3,sun,34.1,100,135,0,1.6,2,1,0,22P,Present
7/20/2016,37,16:00,16,482,33.4,sun,33.8,100,135,0,2.5,2,1,0,22P,Present
7/20/2016,37,17:02,17,544,30.7,sun,30.5,.,.,.,3,0,0,1,22P,Present
7/20/2016,37,17:59,18,601,27.3,sun,27.7,.,.,.,1.3,0,0,1,22P,Present
7/20/2016,38,7:58,8,0,22.2,sun,24,100,135,0,0.2,2,1,0,23P,Present
7/20/2016,38,9:00,9,62,28.8,sun,27.6,100,135,0,0,2,1,0,23P,Present
7/20/2016,38,10:04,10,126,.,.,30.1,100,135,0,1.3,2,1,0,23P,Present
7/20/2016,38,11:08,11,190,22.7,shade,25.1,100,135,0,2.2,2,1,0,23P,Present
7/20/2016,38,12:01,12,243,24.3,shade,24.8,100,135,0,2.1,0,0,1,23P,Present
7/20/2016,38,13:03,13,305,28.8,sun,29.2,100,135,0,3.1,0,0,1,23P,Present
7/20/2016,38,14:08,14,370,32.7,sun,29.7,100,135,0,2.9,0,0,1,23P,Present
7/20/2016,38,15:03,15,425,35.7,sun,34.1,.,.,.,1.6,0,0,1,23P,Present
7/20/2016,38,16:00,16,482,44.4,sun,33.8,.,.,.,2.5,0,0,1,23P,Present
7/20/2016,38,17:01,17,543,33.1,sun,30.5,.,.,.,3,0,0,1,23P,Present
7/20/2016,38,17:59,18,601,29.5,sun,27.7,.,.,.,1.3,0,0,1,23P,Present
7/20/2016,39,8:04,8,0,27.3,shade,23,102,318,1,3.7,2,1,0,23A,Absence
7/20/2016,39,9:14,9,70,33.1,sun,26.1,109,312,1,2.4,2,1,0,23A,Absence
7/20/2016,39,10:12,10,128,44.7,sun,28,114,316,1,5.8,2,1,0,23A,Absence
7/20/2016,39,11:16,11,192,27,shade,24.3,114,316,1,3.9,2,1,0,23A,Absence
7/20/2016,39,12:06,12,242,30.5,shade,24.6,114,316,1,4.6,0,0,1,23A,Absence
7/20/2016,39,13:09,13,305,53.6,sun,30.6,114,316,1,1,0,0,1,23A,Absence
7/20/2016,39,14:19,14,375,60.3,sun,30.7,114,316,1,4.3,0,0,1,23A,Absence
7/20/2016,39,15:11,15,427,46.9,sun,31.7,.,.,.,5.1,0,0,1,23A,Absence
7/20/2016,39,16:14,16,490,49.4,sun,34.5,.,.,.,2,0,0,1,23A,Absence
7/20/2016,39,17:06,17,542,33.1,sun,30.1,.,.,.,2.3,0,0,1,23A,Absence
7/20/2016,39,18:04,18,600,30.2,sun,28.2,.,.,.,0.6,0,0,1,23A,Absence
7/20/2016,40,8:03,8,0,26.5,shade,23.7,102,51,1,1.9,2,1,0,20A,Absence
7/20/2016,40,9:08,9,65,30.2,sun,27.8,101,59,1,1.4,2,1,0,20A,Absence
7/20/2016,40,10:09,10,126,35.1,sun,30.9,101,59,1,1.5,2,1,0,20A,Absence
7/20/2016,40,11:13,11,190,25.4,shade,24.5,101,59,1,3.9,2,1,0,20A,Absence
7/20/2016,40,12:04,12,241,26.7,shade,25,101,59,1,1.2,2,1,0,20A,Absence
7/20/2016,40,13:07,13,304,40.7,sun,29.7,101,59,1,1.5,0,0,1,20A,Absence
7/20/2016,40,14:12,14,369,44.1,sun,30.7,101,59,1,2.9,0,0,1,20A,Absence
7/20/2016,40,15:07,15,424,48.9,sun,31.6,.,.,.,3.7,0,0,1,20A,Absence
7/20/2016,40,16:08,16,485,41,sun,35.1,.,.,.,3,0,0,1,20A,Absence
7/20/2016,40,17:03,17,540,35.6,sun,30.4,.,.,.,2.7,0,0,1,20A,Absence
7/20/2016,40,18:01,18,598,31.2,sun,27.6,.,.,.,1.7,0,0,1,20A,Absence
7/20/2016,41,8:04,8,0,27.3,shade,23,102,318,1,3.7,2,1,0,22A,Absence
7/20/2016,41,9:14,9,70,33.2,sun,26.1,106,312,1,2.4,2,1,0,22A,Absence
7/20/2016,41,10:12,10,128,35,sun,28,106,312,1,5.8,2,1,0,22A,Absence
7/20/2016,41,11:16,11,192,26.5,shade,24.3,106,312,1,3.9,2,1,0,22A,Absence
7/20/2016,41,12:06,12,242,28.8,shade,24.6,106,312,1,4.6,2,1,0,22A,Absence
7/20/2016,41,13:09,13,305,53.5,sun,30.6,106,312,1,1,0,0,1,22A,Absence
7/20/2016,41,14:19,14,375,49.7,sun,30.7,106,312,1,4.3,0,0,1,22A,Absence
7/20/2016,41,15:11,15,427,48,sun,31.7,.,.,.,5.1,0,0,1,22A,Absence
7/20/2016,41,16:14,16,490,48.5,sun,34.5,.,.,.,2,0,0,1,22A,Absence
7/20/2016,41,17:06,17,542,33.4,sun,30.1,.,.,.,2.3,0,0,1,22A,Absence
7/20/2016,41,18:04,18,600,30.6,sun,28.2,.,.,.,0.6,0,0,1,22A,Absence
7/20/2016,42,8:04,8,0,27.3,shade,23,102,318,1,3.7,2,1,0,21A,Absence
7/20/2016,42,9:14,9,70,35.2,sun,26.1,103,312,1,2.4,2,1,0,21A,Absence
7/20/2016,42,10:12,10,128,35.9,sun,28,103,312,1,5.8,2,1,0,21A,Absence
7/20/2016,42,11:16,11,192,26.7,shade,24.3,103,312,1,3.9,2,1,0,21A,Absence
7/20/2016,42,12:06,12,242,29.3,shade,24.6,103,312,1,4.6,2,1,0,21A,Absence
7/20/2016,42,13:09,13,305,52.1,sun,30.6,103,312,1,1,0,0,1,21A,Absence
7/20/2016,42,14:19,14,375,52.1,sun,30.7,103,312,1,4.3,0,0,1,21A,Absence
7/20/2016,42,15:11,15,427,45.4,sun,31.7,.,.,.,5.1,0,0,1,21A,Absence
7/20/2016,42,16:13,16,489,48,sun,34.5,.,.,.,2,0,0,1,21A,Absence
7/20/2016,42,17:05,17,541,33.7,sun,30.1,.,.,.,2.3,0,0,1,21A,Absence
7/20/2016,42,18:04,18,600,30.5,sun,28.2,.,.,.,0.6,0,0,1,21A,Absence
7/20/2016,43,7:58,8,0,.,.,24,100,135,0,0.2,2,1,0,24P,Present
7/20/2016,43,9:00,9,62,25.9,sun,27.6,100,135,1,0,2,1,0,24P,Present
7/20/2016,43,10:04,10,126,34,sun,30.1,98,135,1,1.3,2,1,0,24P,Present
7/20/2016,43,11:08,11,190,24.2,shade,25.1,98.5,135,1,2.2,2,1,0,24P,Present
7/20/2016,43,12:01,12,243,26.1,shade,24.8,100,135,1,2.1,2,1,0,24P,Present
7/20/2016,43,13:03,13,305,30.6,sun,29.2,100,135,1,3.1,0,0,1,24P,Present
7/20/2016,43,14:08,14,370,44.7,sun,29.7,100,135,1,2.9,0,0,1,24P,Present
7/20/2016,43,15:03,15,425,42.6,sun,34.1,.,.,.,1.6,0,0,1,24P,Present
7/20/2016,43,16:00,16,482,49.1,sun,33.8,.,.,.,2.5,0,0,1,24P,Present
7/20/2016,43,17:00,17,542,33.6,sun,30.5,.,.,.,3,0,0,1,24P,Present
7/20/2016,43,17:59,18,601,28.7,sun,27.7,.,.,.,1.3,0,0,1,24P,Present
7/20/2016,44,8:03,8,0,26.5,shade,23.7,102,51,1,1.9,2,1,0,16A,Absence
7/20/2016,44,9:08,9,65,32.4,sun,27.8,97,57,1,1.4,2,1,0,16A,Absence
7/20/2016,44,10:09,10,126,47,sun,30.9,97,57,1,1.5,2,1,0,16A,Absence
7/20/2016,44,11:13,11,190,24.8,shade,24.5,97,57,1,3.9,2,1,0,16A,Absence
7/20/2016,44,12:04,12,241,27.7,shade,25,97,57,1,1.2,2,1,0,16A,Absence
7/20/2016,44,13:07,13,304,50.2,sun,29.7,97,57,1,1.5,0,0,1,16A,Absence
7/20/2016,44,14:12,14,369,55.2,sun,30.7,97,57,1,2.9,0,0,1,16A,Absence
7/20/2016,44,15:07,15,424,52.3,sun,31.6,.,.,.,3.7,0,0,1,16A,Absence
7/20/2016,44,16:11,16,488,48.7,sun,35.1,.,.,.,3,0,0,1,16A,Absence
7/20/2016,44,17:03,17,540,34.1,sun,30.4,.,.,.,2.7,0,0,1,16A,Absence
7/20/2016,44,18:01,18,598,29.8,sun,27.6,.,.,.,1.7,0,0,1,16A,Absence
7/20/2016,46,8:03,8,0,26.5,shade,23.7,102,51,1,1.9,2,1,0,17A,Absence
7/20/2016,46,9:08,9,65,30.6,sun,26.8,95,51,1,2.8,2,1,0,17A,Absence
7/20/2016,46,10:09,10,126,45.9,sun,30.9,95,51,1,1.5,2,1,0,17A,Absence
7/20/2016,46,11:13,11,190,26.8,shade,24.5,95,51,1,3.9,2,1,0,17A,Absence
7/20/2016,46,12:04,12,241,28.9,shade,25,95,51,1,1.2,2,1,0,17A,Absence
7/20/2016,46,13:07,13,304,55.4,sun,29.7,95,51,1,1.5,0,0,1,17A,Absence
7/20/2016,46,14:12,14,369,45.4,sun,30.7,95,51,1,2.9,0,0,1,17A,Absence
7/20/2016,46,15:07,15,424,48.9,sun,31.6,.,.,.,3.7,0,0,1,17A,Absence
7/20/2016,46,16:11,16,488,45.6,sun,35.1,.,.,.,3,0,0,1,17A,Absence
7/20/2016,46,17:04,17,541,34,sun,30.4,.,.,.,2.7,0,0,1,17A,Absence
7/20/2016,46,18:01,18,598,30.2,sun,27.6,.,.,.,1.7,0,0,1,17A,Absence
7/20/2016,47,7:56,8,0,.,.,24.3,100,225,0,0,2,1,0,19P,Present
7/20/2016,47,9:00,9,64,.,.,25.9,100,225,0,1.8,2,1,0,19P,Present
7/20/2016,47,9:59,10,123,.,.,29.9,100,225,0,5.6,2,1,0,19P,Present
7/20/2016,47,10:59,11,183,.,.,25.7,100,225,0,3.3,2,1,0,19P,Present
7/20/2016,47,11:57,12,241,25,shade,24.1,100,225,0,1.9,2,1,0,19P,Present
7/20/2016,47,12:59,13,303,48.5,sun,29.4,100,225,0,2.2,2,1,0,19P,Present
7/20/2016,47,13:59,14,363,47.2,sun,30.6,100,225,0,0.6,2,1,0,19P,Present
7/20/2016,47,14:59,15,423,39.2,sun,32.5,.,.,.,3.4,0,0,1,19P,Present
7/20/2016,47,15:57,16,481,42.6,sun,34.4,.,.,.,2.5,0,0,1,19P,Present
7/20/2016,47,16:59,17,543,33.7,sun,30.7,.,.,.,3.6,0,0,1,19P,Present
7/20/2016,47,17:56,18,600,29.2,sun,27.9,.,.,.,0.4,0,0,1,19P,Present
7/20/2016,48,7:56,8,0,27.3,sun,24.3,100,225,0,0,2,1,0,18P,Present
7/20/2016,48,9:00,9,64,.,.,25.9,100,225,0,1.8,2,1,0,18P,Present
7/20/2016,48,9:59,10,123,.,.,29.9,100,225,0,5.6,2,1,0,18P,Present
7/20/2016,48,10:59,11,183,.,.,25.7,100,225,0,3.3,2,1,0,18P,Present
7/20/2016,48,11:57,12,241,.,.,24.1,100,225,0,1.9,2,1,0,18P,Present
7/20/2016,48,12:59,13,303,.,.,29.4,100,225,1,2.2,2,1,0,18P,Present
7/20/2016,48,13:59,14,363,43.4,sun,30.6,99,225,1,0.6,0,0,1,18P,Present
7/20/2016,48,14:59,15,423,42.5,sun,32.5,.,.,.,3.4,0,0,1,18P,Present
7/20/2016,48,15:57,16,481,34.7,sun,34.4,.,.,.,2.5,0,0,1,18P,Present
7/20/2016,48,16:59,17,543,34.6,sun,30.7,.,.,.,3.6,0,0,1,18P,Present
7/20/2016,48,17:56,18,600,30,sun,27.9,.,.,.,0.4,0,0,1,18P,Present
7/20/2016,51,7:56,8,0,27.3,sun,24.3,100,225,0,0,2,1,0,20P,Present
7/20/2016,51,9:00,9,64,.,.,25.9,100,225,0,1.8,2,1,0,20P,Present
7/20/2016,51,9:59,10,123,.,.,29.9,100,225,0,5.6,2,1,0,20P,Present
7/20/2016,51,10:59,11,183,26.2,shade,25.7,100,225,0,3.3,0,0,1,20P,Present
7/20/2016,51,11:57,12,241,26.6,shade,24.1,100,225,0,1.9,0,0,1,20P,Present
7/20/2016,51,12:59,16,303,32.1,sun,29.4,100,225,.,2.2,0,0,1,20P,Present
7/20/2016,51,13:59,13,363,41.2,sun,30.6,100,225,0,0.6,0,0,1,20P,Present
7/20/2016,51,14:59,14,423,36.5,sun,32.5,.,.,0,3.4,0,0,1,20P,Present
7/20/2016,51,15:57,15,481,39.1,sun,34.4,.,.,.,2.5,0,0,1,20P,Present
7/20/2016,51,16:59,17,543,35.5,sun,30.7,.,.,.,3.6,0,0,1,20P,Present
7/20/2016,51,17:56,18,600,29.4,sun,27.9,.,.,.,0.4,0,0,1,20P,Present
7/20/2016,52,8:03,8,0,26.5,shade,23.7,102,51,1,1.9,2,1,0,18A,Absence
7/20/2016,52,9:08,9,65,34,sun,26.8,95,51,1,2.8,2,1,0,18A,Absence
7/20/2016,52,10:09,10,126,48.8,sun,30.9,95,51,1,1.5,2,1,0,18A,Absence
7/20/2016,52,11:13,11,190,26.6,shade,24.5,95,51,1,3.9,0,0,1,18A,Absence
7/20/2016,52,12:04,12,241,29.6,shade,25,95,51,1,1.2,0,0,1,18A,Absence
7/20/2016,52,13:07,13,304,56.4,sun,29.7,95,51,1,1.5,0,0,1,18A,Absence
7/20/2016,52,14:12,14,369,55.4,sun,30.7,95,51,1,2.9,0,0,1,18A,Absence
7/20/2016,52,15:07,15,424,52.6,sun,31.6,.,.,.,3.7,0,0,1,18A,Absence
7/20/2016,52,16:12,16,489,47.5,sun,35.1,.,.,.,3,0,0,1,18A,Absence
7/20/2016,52,17:04,17,541,35.6,sun,30.4,.,.,.,2.7,0,0,1,18A,Absence
7/20/2016,52,18:01,18,598,31,sun,27.6,.,.,.,1.7,0,0,1,18A,Absence
7/20/2016,53,8:03,8,0,26.5,shade,23.7,102,51,1,1.9,2,1,0,19A,Absence
7/20/2016,53,9:08,9,65,37.2,sun,26.8,95,51,1,2.8,2,1,0,19A,Absence
7/20/2016,53,10:09,10,126,50.2,sun,30.9,95,51,1,1.5,2,1,0,19A,Absence
7/20/2016,53,11:13,11,190,27.1,shade,24.5,95,51,1,3.9,1,1,0,19A,Absence
7/20/2016,53,12:04,12,241,31.2,shade,25,95,51,1,1.2,1,1,0,19A,Absence
7/20/2016,53,13:07,13,304,56.4,sun,29.7,95,51,1,1.5,1,1,0,19A,Absence
7/20/2016,53,14:12,14,369,.,.,.,.,.,.,.,.,.,.,19A,Absence
7/20/2016,53,15:07,15,424,.,.,.,.,.,.,.,.,.,.,19A,Absence
7/20/2016,53,16:12,16,489,.,.,.,.,.,.,.,.,.,.,19A,Absence
7/20/2016,53,17:04,17,541,.,.,.,.,.,.,.,.,.,.,19A,Absence
7/20/2016,53,18:01,18,598,.,.,.,.,.,.,.,.,.,.,19A,Absence
7/21/2016,54,9:20,9,0,20,shade,22.9,100,50,1,0,2,1,0,28A,Absence
7/21/2016,54,10:03,10,43,23,shade,23.8,103,54,1,0.2,2,1,0,28A,Absence
7/21/2016,54,11:01,11,101,23.3,shade,24,103,54,1,4.7,2,1,0,28A,Absence
7/21/2016,54,12:05,12,165,31.5,sun,27.2,102,50,1,3.5,2,1,0,28A,Absence
7/21/2016,54,13:04,13,224,36.3,sun,31.2,102,50,1,2.3,2,1,0,28A,Absence
7/21/2016,54,14:03,14,283,30,shade,30.3,102,50,1,2.5,2,1,0,28A,Absence
7/21/2016,54,15:04,15,344,25.7,shade,27.9,102,50,1,0.1,2,1,0,28A,Absence
7/21/2016,54,16:03,16,403,24.8,shade,26.9,102,50,1,0.7,2,1,0,28A,Absence
7/21/2016,54,17:02,17,462,21.8,shade,23.8,102,50,1,2,2,1,0,28A,Absence
7/21/2016,54,17:57,18,517,22.4,sun,24.1,102,50,1,1.6,2,1,0,28A,Absence
7/21/2016,54,19:00,19,580,28.1,sun,27.4,102,50,1,1,2,1,0,28A,Absence
7/21/2016,55,9:22,9,0,19.9,shade,22.9,100,154,1,0,2,1,0,31A,Absence
7/21/2016,55,10:06,10,44,23.4,shade,23.8,103,154,1,0.7,2,1,0,31A,Absence
7/21/2016,55,11:06,11,104,26.2,shade,23.5,106,168,1,4.9,2,1,0,31A,Absence
7/21/2016,55,12:15,12,173,31.8,sun,28.8,103,169,1,1.2,2,1,0,31A,Absence
7/21/2016,55,13:08,13,226,32,sun,30.2,103,169,1,1.8,2,1,0,31A,Absence
7/21/2016,55,14:06,14,284,30.4,shade,29.9,103,169,1,0,2,1,0,31A,Absence
7/21/2016,55,15:06,15,344,26.5,shade,27.4,101,164,1,0.1,2,1,0,31A,Absence
7/21/2016,55,16:06,16,404,24.7,shade,26.4,101,164,1,1.2,2,1,0,31A,Absence
7/21/2016,55,17:05,17,463,23,shade,23.7,101,164,1,1.1,2,1,0,31A,Absence
7/21/2016,55,18:01,18,519,23.6,sun,24.7,101,164,1,0.8,2,1,0,31A,Absence
7/21/2016,55,19:05,19,583,26.3,sun,29.2,102,166,1,0.7,2,1,0,31A,Absence
7/21/2016,56,9:23,9,0,.,.,23,100,225,0,1.9,2,1,0,28P,Present
7/21/2016,56,10:16,10,53,.,.,24.9,100,225,0,0,2,1,0,28P,Present
7/21/2016,56,11:12,11,109,.,.,23.7,100,225,0,5.7,2,1,0,28P,Present
7/21/2016,56,12:22,12,179,.,.,28.1,100,225,0,3.3,2,1,0,28P,Present
7/21/2016,56,13:14,13,231,.,.,31.2,100,225,0,3.1,2,1,0,28P,Present
7/21/2016,56,14:10,14,287,.,.,29.2,100,225,0,2,2,1,0,28P,Present
7/21/2016,56,15:10,15,347,.,.,27.3,100,225,0,1.5,2,1,0,28P,Present
7/21/2016,56,16:08,16,405,.,.,26,100,225,0,3,2,1,0,28P,Present
7/21/2016,56,17:07,17,464,.,.,23.8,100,225,0,0.2,2,1,0,28P,Present
7/21/2016,56,18:03,18,520,.,.,25,100,225,0,0.5,2,1,0,28P,Present
7/21/2016,56,19:07,19,584,.,.,29.4,100,225,0,1.8,2,1,0,28P,Present
7/21/2016,57,9:23,9,0,.,.,23,100,225,0,1.9,2,1,0,29P,Present
7/21/2016,57,10:16,10,53,.,.,24.9,100,225,0,0,2,1,0,29P,Present
7/21/2016,57,11:12,11,109,.,.,23.7,100,225,0,5.7,2,1,0,29P,Present
7/21/2016,57,12:22,12,179,.,.,28.1,100,225,0,3.3,2,1,0,29P,Present
7/21/2016,57,13:14,13,231,.,.,31.2,100,225,0,3.1,2,1,0,29P,Present
7/21/2016,57,14:10,14,287,.,.,29.2,100,225,0,2,2,1,0,29P,Present
7/21/2016,57,15:10,15,347,.,.,27.3,100,225,0,1.5,2,1,0,29P,Present
7/21/2016,57,16:08,16,405,.,.,26,100,225,0,3,2,1,0,29P,Present
7/21/2016,57,17:07,17,464,.,.,23.8,100,225,0,0.2,2,1,0,29P,Present
7/21/2016,57,18:03,18,520,.,.,25,100,225,0,0.5,2,1,0,29P,Present
7/21/2016,57,19:07,19,584,.,.,29.4,100,225,0,1.8,2,1,0,29P,Present
7/21/2016,58,9:22,9,0,19.9,shade,22.9,100,154,1,0,2,1,0,29A,Absence
7/21/2016,58,10:06,10,44,23,shade,23.8,105,162,1,0.7,2,1,0,29A,Absence
7/21/2016,58,11:06,11,104,25.9,shade,23.5,107,164,1,4.9,2,1,0,29A,Absence
7/21/2016,58,12:15,12,173,30.2,sun,28.8,93,168,1,1.2,2,1,0,29A,Absence
7/21/2016,58,13:08,13,226,35.6,sun,30.2,84,166,1,1.8,2,1,0,29A,Absence
7/21/2016,58,14:06,14,284,30.2,shade,29.9,82,166,1,0,2,1,0,29A,Absence
7/21/2016,58,15:06,15,344,26.2,shade,27.4,81,164,1,0.1,2,1,0,29A,Absence
7/21/2016,58,16:06,16,404,24.7,shade,26.4,81,164,1,1.2,2,1,0,29A,Absence
7/21/2016,58,17:05,17,463,22.4,shade,23.7,81,164,1,1.1,2,1,0,29A,Absence
7/21/2016,58,18:01,18,519,.,.,.,.,.,.,.,.,.,.,29A,Absence
7/21/2016,58,19:05,19,583,.,.,.,.,.,.,.,.,.,.,29A,Absence
7/21/2016,59,9:22,9,0,19.9,shade,22.9,100,154,1,0,2,1,0,30A,Absence
7/21/2016,59,10:06,10,44,23.5,shade,23.8,104,163,1,0.7,2,1,0,30A,Absence
7/21/2016,59,11:06,11,104,26.6,shade,23.5,106,164,1,4.9,2,1,0,30A,Absence
7/21/2016,59,12:15,12,173,31.8,sun,28.8,107,166,1,1.2,2,1,0,30A,Absence
7/21/2016,59,13:08,13,226,32.9,sun,30.2,105,166,1,1.8,2,1,0,30A,Absence
7/21/2016,59,14:06,14,284,29.7,shade,29.9,105,166,1,0,2,1,0,30A,Absence
7/21/2016,59,15:06,15,344,26.4,shade,27.4,105,166,1,0.1,2,1,0,30A,Absence
7/21/2016,59,16:06,16,404,24.8,shade,26.4,105,166,1,1.2,2,1,0,30A,Absence
7/21/2016,59,17:05,17,463,22.6,shade,23.7,105,166,1,1.1,2,1,0,30A,Absence
7/21/2016,59,18:01,18,519,23.3,sun,24.7,105,166,1,0.8,2,1,0,30A,Absence
7/21/2016,59,19:05,19,583,26.8,sun,29.2,105,166,1,0.7,2,1,0,30A,Absence
7/21/2016,60,9:20,9,0,18.9,shade,21.4,100,45,1,0,2,1,0,26A,Absence
7/21/2016,60,10:03,10,43,23,shade,23.8,101,54,1,0.2,2,1,0,26A,Absence
7/21/2016,60,11:01,11,101,23.3,shade,24,101,54,1,4.7,2,1,0,26A,Absence
7/21/2016,60,12:05,12,165,32.2,sun,27.2,103,49,1,3.5,2,1,0,26A,Absence
7/21/2016,60,13:04,13,224,36,sun,31.2,101,50,1,2.3,2,1,0,26A,Absence
7/21/2016,60,14:03,14,283,30.8,shade,30.3,101,50,1,2.5,2,1,0,26A,Absence
7/21/2016,60,15:04,15,344,26.5,shade,27.9,102,52,1,0.1,2,1,0,26A,Absence
7/21/2016,60,16:03,16,403,25.3,shade,26.9,102,52,1,0.7,2,1,0,26A,Absence
7/21/2016,60,17:02,17,462,22.4,shade,23.8,102,52,1,2,2,1,0,26A,Absence
7/21/2016,60,17:57,18,517,22.9,sun,24.1,102,52,1,1.6,2,1,0,26A,Absence
7/21/2016,60,19:00,19,580,28.7,sun,27.4,101,52,1,1,2,1,0,26A,Absence
7/21/2016,61,9:19,9,0,.,.,21.4,100,315,0,2.4,2,1,0,26P,Present
7/21/2016,61,10:00,10,41,.,.,22.7,100,315,0,0,2,1,0,26P,Present
7/21/2016,61,10:58,11,99,.,.,22.7,100,315,0,2.5,2,1,0,26P,Present
7/21/2016,61,11:57,12,158,.,.,25.4,100,315,0,4.5,2,1,0,26P,Present
7/21/2016,61,13:00,13,221,.,.,29.6,100,315,0,1.9,2,1,0,26P,Present
7/21/2016,61,13:59,14,280,.,.,30.5,100,315,0,1.8,2,1,0,26P,Present
7/21/2016,61,14:59,15,340,.,.,28.7,100,315,0,0.1,2,1,0,26P,Present
7/21/2016,61,15:58,16,399,.,.,27,100,315,0,1.4,2,1,0,26P,Present
7/21/2016,61,16:59,17,460,.,.,24.2,100,315,0,1.8,2,1,0,26P,Present
7/21/2016,61,17:55,18,516,.,.,23.9,100,315,0,0.7,2,1,0,26P,Present
7/21/2016,61,18:56,19,577,.,.,26.8,100,315,0,0,2,1,0,26P,Present
7/21/2016,62,9:20,9,0,20,shade,22.9,100,45,1,0,2,1,0,27A,Absence
7/21/2016,62,10:03,10,43,23,shade,23.8,103,54,1,0.2,2,1,0,27A,Absence
7/21/2016,62,11:01,11,101,23.3,shade,24,103,59,1,4.7,2,1,0,27A,Absence
7/21/2016,62,12:05,12,165,33.6,sun,27.2,105,52,1,3.5,2,1,0,27A,Absence
7/21/2016,62,13:04,13,224,37.2,sun,31.2,105,52,1,2.3,2,1,0,27A,Absence
7/21/2016,62,14:04,14,284,31.5,shade,30.3,108,57,1,2.5,2,1,0,27A,Absence
7/21/2016,62,15:04,15,344,28.5,shade,27.9,108,57,1,0.1,2,1,0,27A,Absence
7/21/2016,62,16:03,16,403,25.9,shade,26.9,108,57,1,0.7,2,1,0,27A,Absence
7/21/2016,62,17:02,17,462,22.4,shade,23.8,108,57,1,2,2,1,0,27A,Absence
7/21/2016,62,17:57,18,517,23,sun,24.1,108,57,1,1.6,2,1,0,27A,Absence
7/21/2016,62,19:00,19,580,27.1,sun,27.4,107,57,1,1,2,1,0,27A,Absence
7/21/2016,63,9:23,9,0,.,.,23,100,225,0,1.9,2,1,0,30P,Present
7/21/2016,63,10:16,10,53,.,.,24.9,100,225,0,0,2,1,0,30P,Present
7/21/2016,63,11:12,11,109,.,.,23.7,100,225,0,5.7,2,1,0,30P,Present
7/21/2016,63,12:22,12,179,.,.,28.1,100,225,0,3.3,2,1,0,30P,Present
7/21/2016,63,13:14,13,231,.,.,31.2,100,225,0,3.1,2,1,0,30P,Present
7/21/2016,63,14:10,14,287,.,.,29.2,100,225,0,2,2,1,0,30P,Present
7/21/2016,63,15:10,15,347,.,.,27.3,100,225,0,1.5,2,1,0,30P,Present
7/21/2016,63,16:08,16,405,.,.,26,100,225,0,3,2,1,0,30P,Present
7/21/2016,63,17:07,17,464,.,.,23.8,100,225,0,0.2,2,1,0,30P,Present
7/21/2016,63,18:03,18,520,.,.,25,100,225,0,0.5,2,1,0,30P,Present
7/21/2016,63,19:07,19,584,25.9,shade,29.4,100,225,0,1.8,2,1,0,30P,Present
7/21/2016,65,9:19,9,0,.,.,21.4,100,315,0,2.4,2,1,0,25P,Present
7/21/2016,65,10:00,10,41,.,.,22.7,100,315,0,0,2,1,0,25P,Present
7/21/2016,65,10:58,11,99,.,.,22.7,100,315,0,2.5,2,1,0,25P,Present
7/21/2016,65,11:57,12,158,.,.,25.4,100,315,0,4.5,2,1,0,25P,Present
7/21/2016,65,13:00,13,221,.,.,29.6,100,315,0,1.9,2,1,0,25P,Present
7/21/2016,65,13:59,14,280,.,.,30.5,100,315,0,1.8,2,1,0,25P,Present
7/21/2016,65,14:59,15,340,.,.,28.7,100,315,0,0.1,2,1,0,25P,Present
7/21/2016,65,15:58,16,399,.,.,.,.,.,.,.,.,.,.,25P,Present
7/21/2016,65,16:59,17,460,.,.,.,.,.,.,.,.,.,.,25P,Present
7/21/2016,66,9:19,9,0,.,.,21.4,100,315,0,2.4,2,1,0,27P,Present
7/21/2016,66,9:58,10,39,.,.,22.7,100,315,0,0,2,1,0,27P,Present
7/21/2016,66,10:58,11,99,22.1,shade,22.7,100,315,1,2.5,2,1,0,27P,Present
7/21/2016,66,11:57,12,158,33,sun,25.4,121,310,1,4.5,2,1,0,27P,Present
7/21/2016,66,13:00,13,221,33.6,sun,29.6,121,310,1,1.9,2,1,0,27P,Present
7/21/2016,66,13:59,14,280,30.2,shade,30.5,121,310,1,1.8,2,1,0,27P,Present
7/21/2016,66,14:59,15,340,26.7,shade,28.7,121,310,1,0.1,2,1,0,27P,Present
7/21/2016,66,15:58,16,399,24.9,shade,27,120,312,1,1.4,2,1,0,27P,Present
7/21/2016,66,16:59,17,460,21.1,shade,24.2,121,312,1,1.8,2,1,0,27P,Present
7/21/2016,66,17:55,18,516,21.2,sun,23.9,121,312,1,0.7,2,1,0,27P,Present
7/21/2016,66,18:56,19,577,23.3,sun,26.8,121,312,1,0,2,1,0,27P,Present
7/23/2016,45,6:20,6,0,.,.,21.6,100,45,0,0,2,1,0,41P,Present
7/23/2016,45,7:10,7,50,.,.,23.7,100,45,0,1.4,2,1,0,41P,Present
7/23/2016,45,8:13,8,113,.,.,31.5,100,45,0,0,2,1,0,41P,Present
7/23/2016,45,9:18,9,178,.,.,33,100,45,1,1.6,2,1,0,41P,Present
7/23/2016,45,10:06,10,226,31.6,sun,35.3,108,50,1,0.3,2,1,0,41P,Present
7/23/2016,45,11:05,11,285,34.1,sun,34.2,108,50,1,1.2,2,1,0,41P,Present
7/23/2016,45,12:04,12,344,31.3,shade,33.2,108,50,1,0.5,0,0,1,41P,Present
7/23/2016,45,13:02,13,402,27.1,shade,30.5,108,50,1,0.1,0,0,1,41P,Present
7/23/2016,45,14:02,14,462,27,shade,28.6,108,50,1,0,0,0,1,41P,Present
7/23/2016,45,15:04,15,524,24.8,shade,26.7,108,50,1,3.9,0,0,1,41P,Present
7/23/2016,45,16:01,16,581,24.2,shade,26,108,50,1,0,0,0,1,41P,Present
7/23/2016,67,6:16,6,0,17,sun,21.4,102,162,1,0.2,2,1,0,43A,Absence
7/23/2016,67,7:03,7,47,19.1,shade,23.6,101,168,1,1.9,2,1,0,43A,Absence
7/23/2016,67,8:03,8,107,39.2,sun,27.9,102,176,1,0,2,1,0,43A,Absence
7/23/2016,67,9:04,9,168,42.2,sun,36.3,102,176,1,0,2,1,0,43A,Absence
7/23/2016,67,10:01,10,225,50.2,sun,35.7,102,176,1,0.6,0,0,1,43A,Absence
7/23/2016,67,11:03,11,287,52.6,sun,37.5,102,176,1,0,0,0,1,43A,Absence
7/23/2016,67,12:00,12,344,42.3,shade,32,102,176,1,2.6,0,0,1,43A,Absence
7/23/2016,67,12:59,13,403,32.4,shade,31.3,102,176,1,0,0,0,1,43A,Absence
7/23/2016,67,13:59,14,463,32.4,shade,29.4,102,176,1,0,0,0,1,43A,Absence
7/23/2016,67,15:01,15,525,27,shade,26.7,102,176,1,2.5,0,0,1,43A,Absence
7/23/2016,67,15:59,16,583,26.5,shade,25.8,102,176,1,0,0,0,1,43A,Absence
7/23/2016,68,6:23,6,0,19.1,sun,22.2,103,316,1,0.4,2,1,0,47A,Absence
7/23/2016,68,7:16,7,53,20.2,shade,23.2,109,316,1,3.4,2,1,0,47A,Absence
7/23/2016,68,8:19,8,116,.,.,.,.,.,.,.,.,.,.,47A,Absence
7/23/2016,68,9:21,9,178,.,.,.,.,.,.,.,.,.,.,47A,Absence
7/23/2016,69,6:23,6,0,19.1,sun,22.2,103,316,1,0.4,2,1,0,46A,Absence
7/23/2016,69,7:16,7,53,23.3,shade,23.2,110,320,1,3.4,2,1,0,46A,Absence
7/23/2016,69,8:19,8,116,29,sun,29.9,120,320,1,0,2,1,0,46A,Absence
7/23/2016,69,9:21,9,178,39.1,sun,33.4,120,316,1,1.1,2,1,0,46A,Absence
7/23/2016,69,10:20,10,237,50.2,sun,36.9,120,316,1,1,0,0,1,46A,Absence
7/23/2016,69,11:09,11,286,48.5,sun,35.5,120,316,1,1.2,0,0,1,46A,Absence
7/23/2016,69,12:07,12,344,38.4,shade,32.1,120,316,1,1.9,0,0,1,46A,Absence
7/23/2016,69,13:04,13,401,32.4,shade,31.1,120,316,1,0,0,0,1,46A,Absence
7/23/2016,69,14:04,14,461,31.5,shade,29.2,120,316,1,0,0,0,1,46A,Absence
7/23/2016,69,15:06,15,523,25.8,shade,26,120,316,1,6.3,0,0,1,46A,Absence
7/23/2016,69,16:03,16,580,25.6,shade,25.4,120,316,1,0.6,0,0,1,46A,Absence
7/23/2016,70,6:16,6,0,17,sun,21.4,102,162,1,0.2,2,1,0,42A,Absence
7/23/2016,70,7:03,7,47,19,shade,23.6,103,164,1,1.9,2,1,0,42A,Absence
7/23/2016,70,8:03,8,107,21.2,sun,30.7,102,162,1,0,2,1,0,42A,Absence
7/23/2016,70,9:04,9,168,32,sun,35.6,97,158,1,0,2,1,0,42A,Absence
7/23/2016,70,10:01,10,225,44.9,sun,35.1,84,162,1,0.6,0,0,1,42A,Absence
7/23/2016,70,11:03,11,287,47,sun,35.8,84,162,1,1.3,0,0,1,42A,Absence
7/23/2016,70,12:00,12,344,40,shade,32,84,162,1,0.4,0,0,1,42A,Absence
7/23/2016,70,12:59,13,403,32.1,shade,31.5,84,162,1,0,0,0,1,42A,Absence
7/23/2016,70,13:59,14,463,32.6,shade,29.6,84,162,1,0,0,0,1,42A,Absence
7/23/2016,70,15:01,15,525,25.9,shade,27,84,162,1,2,0,0,1,42A,Absence
7/23/2016,70,15:59,16,583,27.5,shade,25.9,84,162,1,0,0,0,1,42A,Absence
7/23/2016,71,6:16,6,0,17,sun,21.4,102,162,1,0.2,2,1,0,41A,Absence
7/23/2016,71,7:03,7,47,20,shade,23.6,102,162,1,1.9,2,1,0,41A,Absence
7/23/2016,71,8:03,8,107,20.1,sun,30.7,105,164,1,0,2,1,0,41A,Absence
7/23/2016,71,10:01,10,225,49.7,sun,35.7,108,176,1,0.6,0,0,1,41A,Absence
7/23/2016,71,11:03,11,287,52.7,sun,37.5,108,176,1,0,0,0,1,41A,Absence
7/23/2016,71,12:00,12,344,42.4,shade,32,108,176,1,2.6,0,0,1,41A,Absence
7/23/2016,71,12:59,13,403,34.4,shade,31.3,108,176,1,0,0,0,1,41A,Absence
7/23/2016,71,13:59,14,463,33.2,shade,29.4,108,176,1,0,0,0,1,41A,Absence
7/23/2016,71,15:01,15,525,27,shade,26.7,108,176,1,2.5,0,0,1,41A,Absence
7/23/2016,71,15:59,16,583,26.4,shade,25.8,108,176,1,0,0,0,1,41A,Absence
7/23/2016,72,6:20,6,0,.,.,21.6,100,45,0,0,2,1,0,44P,Present
7/23/2016,72,7:10,7,50,.,.,23.7,100,45,0,1,2,1,0,44P,Present
7/23/2016,72,8:13,8,113,.,.,31.5,100,45,0,0,2,1,0,44P,Present
7/23/2016,72,9:18,9,178,.,.,33,100,45,0,1.6,2,1,0,44P,Present
7/23/2016,72,10:06,10,226,.,.,35.3,100,45,0,0.3,2,1,0,44P,Present
7/23/2016,72,11:05,11,285,31.6,sun,34.2,100,45,0,1.2,2,1,0,44P,Present
7/23/2016,72,12:04,12,344,31.2,shade,33.2,100,45,0,0.5,2,1,0,44P,Present
7/23/2016,72,13:02,13,402,28.5,shade,30.5,100,45,0,0.1,0,0,1,44P,Present
7/23/2016,72,14:02,14,462,28.1,shade,28.6,100,45,0,0,0,0,1,44P,Present
7/23/2016,72,15:04,15,524,25.3,shade,26.7,100,45,0,3.9,0,0,1,44P,Present
7/23/2016,72,16:01,16,581,24.9,shade,26,100,45,0,0,0,0,1,44P,Present
7/23/2016,73,6:20,6,0,.,.,21.6,100,45,0,0,2,1,0,43P,Present
7/23/2016,73,7:10,7,50,.,.,23.7,100,45,0,1.4,2,1,0,43P,Present
7/23/2016,73,8:13,8,113,.,.,31.5,100,45,1,0,2,1,0,43P,Present
7/23/2016,73,9:18,9,178,34.2,sun,33,98,45,1,1.6,2,1,0,43P,Present
7/23/2016,73,10:06,10,226,35.8,sun,35.3,98,45,1,0.3,2,1,0,43P,Present
7/23/2016,73,11:05,11,285,42.5,sun,34.2,98,45,1,1.2,2,1,0,43P,Present
7/23/2016,73,12:04,12,344,36,shade,33.2,98,45,1,0.5,0,0,1,43P,Present
7/23/2016,73,13:02,13,402,28.9,shade,30.5,98,45,1,0.1,0,0,1,43P,Present
7/23/2016,73,14:02,14,462,29.5,shade,28.6,98,45,1,0,0,0,1,43P,Present
7/23/2016,73,15:04,15,524,25.1,shade,26.7,98,45,1,3.9,0,0,1,43P,Present
7/23/2016,73,16:01,16,581,24.7,shade,26,98,45,1,0,0,0,1,43P,Present
7/23/2016,74,6:23,6,0,19.1,sun,22.2,103,316,1,0.4,2,1,0,45A,Absence
7/23/2016,74,7:16,7,53,22.7,shade,23.2,115,316,1,3.4,2,1,0,45A,Absence
7/23/2016,74,8:19,8,116,30.4,sun,29.9,116,318,1,0,2,1,0,45A,Absence
7/23/2016,74,9:21,9,178,36.6,sun,33.4,120,316,1,1.1,2,1,0,45A,Absence
7/23/2016,74,10:20,10,237,42.1,sun,36.9,120,316,1,1,2,1,0,45A,Absence
7/23/2016,74,11:09,11,286,44.1,sun,35.5,120,316,1,1.2,2,1,0,45A,Absence
7/23/2016,74,12:07,12,344,37.6,shade,32.1,120,316,1,1.9,2,1,0,45A,Absence
7/23/2016,74,13:04,13,401,31.3,shade,31.1,120,316,1,0,2,1,0,45A,Absence
7/23/2016,74,14:04,14,461,31.1,shade,29.2,120,316,1,0,0,0,1,45A,Absence
7/23/2016,74,15:06,15,523,25.9,shade,26,120,316,1,6.3,0,0,1,45A,Absence
7/23/2016,74,16:03,16,580,26.7,shade,25.4,120,316,1,0.6,0,0,1,45A,Absence
7/23/2016,75,6:23,6,0,19.1,sun,22.2,103,316,1,0.4,2,1,0,44A,Absence
7/23/2016,75,7:16,7,53,21.6,shade,23.2,113,312,1,3.4,2,1,0,44A,Absence
7/23/2016,75,8:19,8,116,36.4,sun,29.9,119,308,1,0,2,1,0,44A,Absence
7/23/2016,75,9:21,9,178,27.1,sun,33.4,120,308,1,1.1,2,1,0,44A,Absence
7/23/2016,75,10:20,10,237,34.2,sun,36.9,120,308,1,1,2,1,0,44A,Absence
7/23/2016,75,11:09,11,286,33.2,sun,35.5,120,308,1,1.2,2,1,0,44A,Absence
7/23/2016,75,12:07,12,344,33.3,shade,32.1,120,308,1,1.9,2,1,0,44A,Absence
7/23/2016,75,13:04,13,401,30.6,shade,31.1,115,310,1,0,2,1,0,44A,Absence
7/23/2016,75,14:04,14,461,29.4,shade,29.2,113,312,1,0,2,1,0,44A,Absence
7/23/2016,75,15:06,15,523,26.2,shade,26,107,308,1,6.3,2,1,0,44A,Absence
7/23/2016,75,16:03,16,580,24.5,shade,25.7,98,306,1,1.3,2,1,0,44A,Absence
7/23/2016,76,6:14,6,0,.,.,21.9,100,225,0,0,2,1,0,40P,Present
7/23/2016,76,7:01,7,47,.,.,24.1,100,225,0,0.4,2,1,0,40P,Present
7/23/2016,76,7:58,8,104,30.5,shade,27.5,100,225,0,0.2,2,1,0,40P,Present
7/23/2016,76,9:01,9,167,42.2,shade,35.4,100,225,0,0.6,2,1,0,40P,Present
7/23/2016,76,9:59,10,225,45.1,sun,36.1,100,225,0,0,2,1,0,40P,Present
7/23/2016,76,11:01,11,287,51.2,sun,35.2,100,225,0,0,0,0,1,40P,Present
7/23/2016,76,11:57,12,343,35.6,shade,31.6,100,225,0,0.6,0,0,1,40P,Present
7/23/2016,76,12:58,13,404,30.5,shade,30.3,100,225,0,0,0,0,1,40P,Present
7/23/2016,76,13:57,14,463,30.2,shade,28.6,100,225,0,0.8,0,0,1,40P,Present
7/23/2016,76,14:59,15,525,26.6,shade,26.5,100,225,0,3,0,0,1,40P,Present
7/23/2016,76,15:55,16,581,25.4,shade,25.4,100,225,0,1.4,0,0,1,40P,Present
7/23/2016,77,6:14,6,0,.,.,21.9,100,225,0,0,2,1,0,38P,Present
7/23/2016,77,7:01,7,47,.,.,24.1,100,225,0,0.4,2,1,0,38P,Present
7/23/2016,77,7:58,8,104,.,.,27.5,100,225,0,0.2,2,1,0,38P,Present
7/23/2016,77,9:01,9,167,.,.,35.4,100,225,0,0.6,2,1,0,38P,Present
7/23/2016,77,9:59,10,225,.,.,36.1,100,225,0,0,2,1,0,38P,Present
7/23/2016,77,11:01,11,287,.,.,35.2,100,225,0,0,2,1,0,38P,Present
7/23/2016,77,11:57,12,343,25.6,shade,31.6,100,225,0,0.6,2,1,0,38P,Present
7/23/2016,77,12:58,13,404,30.5,shade,30.3,100,225,0,0,2,1,0,38P,Present
7/23/2016,77,13:57,14,463,30.2,shade,28.6,100,225,0,0.8,2,1,0,38P,Present
7/23/2016,77,14:59,15,525,26.6,shade,26.5,100,225,0,3,2,1,0,38P,Present
7/23/2016,77,15:55,16,581,25.4,shade,25.4,100,225,0,1.4,2,1,0,38P,Present
7/23/2016,78,6:14,6,0,.,.,21.9,100,225,0,0,2,1,0,39P,Present
7/23/2016,78,7:01,7,47,.,.,24.1,100,225,0,0.4,2,1,0,39P,Present
7/23/2016,78,7:58,8,104,.,.,27.5,100,225,0,0.2,2,1,0,39P,Present
7/23/2016,78,9:01,9,167,.,.,35.4,100,225,0,0.6,2,1,0,39P,Present
7/23/2016,78,9:59,10,225,.,.,36.1,100,225,0,0,2,1,0,39P,Present
7/23/2016,78,11:01,11,287,.,.,35.2,100,225,0,0,2,1,0,39P,Present
7/23/2016,78,11:57,12,343,.,.,31.6,100,225,0,0.6,2,1,0,39P,Present
7/23/2016,78,12:58,13,404,.,.,30.3,100,225,0,0,2,1,0,39P,Present
7/23/2016,78,13:57,14,463,.,.,28.6,100,225,0,0.8,2,1,0,39P,Present
7/23/2016,78,14:59,15,525,.,.,26.5,100,225,0,3,2,1,0,39P,Present
7/23/2016,78,15:55,16,581,.,.,25.4,100,225,0,1.4,2,1,0,39P,Present
7/23/2016,79,6:16,6,0,17,sun,21.4,102,162,1,0.2,2,1,0,40A,Absence
7/23/2016,79,7:03,7,47,19.1,shade,23.6,109,164,1,1.9,2,1,0,40A,Absence
7/23/2016,79,8:03,8,107,27,sun,27.9,112,168,1,0,2,1,0,40A,Absence
7/23/2016,79,9:04,9,168,50.8,sun,36.3,112,178,1,0,2,1,0,40A,Absence
7/23/2016,79,10:01,10,225,54.8,sun,35.7,112,178,1,0.6,0,0,1,40A,Absence
7/23/2016,79,11:03,11,287,55.2,sun,37.5,112,178,1,0,0,0,1,40A,Absence
7/23/2016,79,12:00,12,344,44.7,shade,32,112,178,1,2.6,0,0,1,40A,Absence
7/23/2016,79,12:59,13,403,34.8,shade,31.1,112,178,1,0,0,0,1,40A,Absence
7/23/2016,79,13:59,14,463,32.9,shade,29.4,112,178,1,0,0,0,1,40A,Absence
7/23/2016,79,15:01,15,525,26.2,shade,26.7,112,178,1,2.5,0,0,1,40A,Absence
7/23/2016,79,15:59,16,583,26.4,shade,25.8,112,178,1,0,0,0,1,40A,Absence
7/23/2016,80,6:20,6,0,.,.,21.6,100,45,0,0,2,1,0,42P,Present
7/23/2016,80,7:10,7,50,.,.,23.7,100,45,0,1.4,2,1,0,42P,Present
7/23/2016,80,8:13,8,113,33.6,shade,31.5,100,45,0,0,2,1,0,42P,Present
7/23/2016,80,9:18,9,178,29.6,shade,33,100,45,1,1.6,2,1,0,42P,Present
7/23/2016,80,10:06,10,226,34.7,shade,35.3,99,45,1,0.3,2,1,0,42P,Present
7/23/2016,80,11:05,11,285,39.7,shade,34.2,99,45,1,1.2,2,1,0,42P,Present
7/23/2016,80,12:04,12,344,34.8,shade,33.2,99,45,1,0.5,2,1,0,42P,Present
7/23/2016,80,13:02,13,402,30.5,shade,30.5,99,45,1,0.1,0,0,1,42P,Present
7/23/2016,80,14:02,14,462,30,shade,28.6,99,45,1,0,0,0,1,42P,Present
7/23/2016,80,15:04,15,524,25.9,shade,26.7,99,45,1,3.9,0,0,1,42P,Present
7/23/2016,80,16:01,16,581,26.7,shade,26,99,45,1,0,0,0,1,42P,Present
7/24/2016,81,6:18,6,0,21.2,shade,21.7,102,54,1,0,2,1,0,39A,Absence
7/24/2016,81,7:14,7,56,22.3,shade,23,101.5,54,1,0,2,1,0,39A,Absence
7/24/2016,81,8:06,8,108,21.8,shade,23.1,102,52,1,0,2,1,0,39A,Absence
7/24/2016,81,9:01,9,163,23.8,shade,23.6,102,52,1,0,2,1,0,39A,Absence
7/24/2016,81,10:03,10,225,25.3,shade,23.8,103,52,1,0.2,2,1,0,39A,Absence
7/24/2016,81,11:06,11,288,26.2,shade,24.8,103,52,1,2.5,2,1,0,39A,Absence
7/24/2016,81,12:05,12,347,26,shade,26.1,108,50,1,1.8,2,1,0,39A,Absence
7/24/2016,81,13:25,13,427,38.3,sun,29.7,113,50,1,3.1,2,1,0,39A,Absence
7/24/2016,81,14:04,14,466,38.4,sun,31.9,113,50,1,3.5,2,1,0,39A,Absence
7/24/2016,81,15:05,15,527,42.6,sun,32.2,113,50,1,3.2,2,1,0,39A,Absence
7/24/2016,81,16:00,16,582,36,sun,29.9,113,50,1,5.8,1,1,0,39A,Absence
7/24/2016,82,6:15,6,0,.,.,21.8,100,135,0,0,2,1,0,31P,Present
7/24/2016,82,7:08,7,53,.,.,23.2,100,135,0,0.7,2,1,0,31P,Present
7/24/2016,82,8:03,8,108,.,.,23.3,100,135,0,0,2,1,0,31P,Present
7/24/2016,82,8:57,9,162,.,.,23.1,100,135,0,0,2,1,0,31P,Present
7/24/2016,82,10:01,10,226,24.1,shade,23.9,100,135,0,0,2,1,0,31P,Present
7/24/2016,82,11:03,11,288,24.9,shade,25.2,100,135,0,0,2,1,0,31P,Present
7/24/2016,82,12:01,12,346,.,.,26,100,135,0,0.3,2,1,0,31P,Present
7/24/2016,82,13:18,13,423,.,.,28.5,100,135,0,1.4,2,1,0,31P,Present
7/24/2016,82,14:01,14,466,.,.,31.7,100,135,0,1.2,2,1,0,31P,Present
7/24/2016,82,15:01,15,526,.,.,29.7,100,135,0,4.5,2,1,0,31P,Present
7/24/2016,82,15:56,16,581,32.4,sun,30.7,100,135,0,5.5,2,1,0,31P,Present
7/24/2016,83,6:21,6,0,.,.,21.8,100,315,0,0,2,1,0,35P,Present
7/24/2016,83,7:23,7,62,.,.,23.3,100,315,0,0,2,1,0,35P,Present
7/24/2016,83,8:14,8,113,.,.,22.6,100,315,0,0.4,2,1,0,35P,Present
7/24/2016,83,9:09,9,168,.,.,24.1,100,315,0,0,2,1,0,35P,Present
7/24/2016,83,10:09,10,228,.,.,24.2,100,315,0,1,2,1,0,35P,Present
7/24/2016,83,11:13,11,292,.,.,24.3,100,315,0,0.3,2,1,0,35P,Present
7/24/2016,83,12:10,12,349,.,.,25.7,100,315,0,0,2,1,0,35P,Present
7/24/2016,83,13:30,13,429,.,.,32.1,100,315,0,2.4,2,1,0,35P,Present
7/24/2016,83,14:08,14,467,37.5,sun,30.8,100,315,0,3.4,2,1,0,35P,Present
7/24/2016,83,15:09,15,528,35.4,sun,32.6,100,315,0,1.9,2,1,0,35P,Present
7/24/2016,83,16:03,16,582,38.4,sun,30.7,100,315,0,7.2,0,0,1,35P,Present
7/24/2016,84,6:15,6,0,.,.,21.8,100,135,0,0,2,1,0,32P,Present
7/24/2016,84,7:08,7,53,.,.,23.2,100,135,0,0.7,2,1,0,32P,Present
7/24/2016,84,8:03,8,108,.,.,23.3,100,135,0,0,2,1,0,32P,Present
7/24/2016,84,8:57,9,162,.,.,23.1,100,135,0,0,2,1,0,32P,Present
7/24/2016,84,10:01,10,226,24.1,shade,23.9,100,135,0,0,2,1,0,32P,Present
7/24/2016,84,11:03,11,288,24.9,shade,25.2,100,135,0,0,1,1,0,32P,Present
7/24/2016,84,12:01,12,346,25.6,shade,26,100,135,0,0.3,1,1,0,32P,Present
7/24/2016,84,13:18,13,423,26.8,sun,28.5,100,135,0,1.4,1,1,0,32P,Present
7/24/2016,84,14:01,14,466,29,sun,31.7,100,135,0,1.2,1,1,0,32P,Present
7/24/2016,84,15:01,15,526,29.1,sun,29.7,100,135,0,4.5,1,1,0,32P,Present
7/24/2016,84,15:56,16,581,36,sun,30.7,100,135,0,5.5,1,1,0,32P,Present
7/24/2016,85,6:11,6,0,21.1,shade,23,110,218,1,0.4,2,1,0,35A,Absence
7/24/2016,85,6:57,7,46,21.9,shade,22.1,106.75,218,1,1.6,2,1,0,35A,Absence
7/24/2016,85,8:00,8,109,21.7,shade,28.3,106.6666667,216,1,0,2,1,0,35A,Absence
7/24/2016,85,8:56,9,165,24.2,shade,22.9,106.6666667,216,1,0.3,2,1,0,35A,Absence
7/24/2016,85,9:57,10,226,24.9,shade,23.8,106.6666667,216,1,1.4,2,1,0,35A,Absence
7/24/2016,85,10:59,11,288,26,shade,24.8,106.6666667,216,1,3,2,1,0,35A,Absence
7/24/2016,85,11:58,12,347,27,shade,25.4,106.6666667,216,1,0,2,1,0,35A,Absence
7/24/2016,85,13:09,13,418,30.6,sun,29.6,108,220,1,1.6,1,1,0,35A,Absence
7/24/2016,85,13:36,14,445,49.7,sun,30.8,108,220,1,3.3,0,0,1,35A,Absence
7/24/2016,85,14:58,15,527,42.6,sun,29.6,108,220,1,6.7,0,0,1,35A,Absence
7/24/2016,85,15:53,16,582,40.2,sun,30.4,108,220,1,6.9,0,0,1,35A,Absence
7/24/2016,86,6:11,6,0,21.1,shade,23,110,218,1,0.4,2,1,0,34A,Absence
7/24/2016,86,6:57,7,46,22.3,shade,22.1,106.66,228,1,1.6,2,1,0,34A,Absence
7/24/2016,86,8:00,8,109,22.2,shade,28.3,107.1666667,224,1,0,2,1,0,34A,Absence
7/24/2016,86,8:56,9,165,24.6,shade,22.9,107.1666667,224,1,0.3,2,1,0,34A,Absence
7/24/2016,86,9:57,10,226,25.3,shade,23.8,107.1666667,224,1,1.4,2,1,0,34A,Absence
7/24/2016,86,10:59,11,288,25.9,shade,24.8,107.1666667,224,1,3,2,1,0,34A,Absence
7/24/2016,86,11:58,12,347,26.7,shade,25.4,107.1666667,224,1,0,2,1,0,34A,Absence
7/24/2016,86,13:09,13,418,31,sun,29.6,105,228,1,1.6,2,1,0,34A,Absence
7/24/2016,86,13:36,14,445,44.6,sun,30.8,105,228,1,3.3,2,1,0,34A,Absence
7/24/2016,86,14:58,15,527,40.9,sun,29.6,105,228,1,6.7,0,0,1,34A,Absence
7/24/2016,86,15:53,16,582,40.5,sun,30.4,105,228,1,6.9,0,0,1,34A,Absence
7/24/2016,87,6:18,6,0,21.2,shade,21.7,102,54,1,0,2,1,0,37A,Absence
7/24/2016,87,7:14,7,56,22.7,shade,23,101,52,1,0,2,1,0,37A,Absence
7/24/2016,87,8:06,8,108,21.8,shade,23.1,101,52,1,0,2,1,0,37A,Absence
7/24/2016,87,9:01,9,163,24.2,shade,23.6,101,52,1,0,2,1,0,37A,Absence
7/24/2016,87,10:03,10,225,25.3,shade,23.8,101,52,1,0.2,2,1,0,37A,Absence
7/24/2016,87,11:06,11,288,26.3,shade,24.8,101,52,1,2.5,2,1,0,37A,Absence
7/24/2016,87,12:05,12,347,25.9,shade,26.1,101,52,1,1.8,2,1,0,37A,Absence
7/24/2016,87,13:25,13,427,46,sun,29.7,103,48,1,3.1,2,1,0,37A,Absence
7/24/2016,87,14:04,14,466,51.3,sun,31.9,102,50,1,3.5,0,0,1,37A,Absence
7/24/2016,87,15:05,15,527,50.6,sun,32.2,102,50,1,3.2,0,0,1,37A,Absence
7/24/2016,87,16:00,16,582,38.5,sun,29.9,102,50,1,5.8,0,0,1,37A,Absence
7/24/2016,88,6:21,6,0,.,.,21.8,100,315,0,0,2,1,0,37P,Present
7/24/2016,88,7:23,7,62,.,.,23.3,100,315,0,0,2,1,0,37P,Present
7/24/2016,88,8:14,8,113,.,.,22.6,100,315,0,0.4,2,1,0,37P,Present
7/24/2016,88,9:09,9,168,.,.,24.1,100,315,0,0,2,1,0,37P,Present
7/24/2016,88,10:09,10,228,.,.,24.2,100,315,0,1,2,1,0,37P,Present
7/24/2016,88,11:13,11,292,25.2,shade,24.3,100,315,0,0.3,2,1,0,37P,Present
7/24/2016,88,12:10,12,349,24.7,shade,25.7,100,315,1,0,2,1,0,37P,Present
7/24/2016,88,13:30,13,429,35.2,sun,32.1,108,320,1,2.4,2,1,0,37P,Present
7/24/2016,88,14:08,14,467,41.9,sun,30.8,108,320,1,3.4,2,1,0,37P,Present
7/24/2016,88,15:09,15,528,45.1,sun,32.6,108,320,1,1.9,2,1,0,37P,Present
7/24/2016,88,16:03,16,582,44.7,sun,30.7,108,320,1,7.2,0,0,1,37P,Present
7/24/2016,90,6:15,6,0,.,.,21.8,100,135,0,0,2,1,0,33P,Present
7/24/2016,90,7:08,7,53,.,.,23.2,100,135,0,0.7,2,1,0,33P,Present
7/24/2016,90,8:03,8,108,.,.,23.3,100,135,0,0,2,1,0,33P,Present
7/24/2016,90,8:57,9,162,.,.,23.1,100,135,0,0,2,1,0,33P,Present
7/24/2016,90,10:01,10,226,.,.,23.9,100,135,0,0,2,1,0,33P,Present
7/24/2016,90,11:03,11,288,.,.,25.2,100,135,0,0,2,1,0,33P,Present
7/24/2016,90,12:01,12,346,.,.,26,100,135,0,0.3,2,1,0,33P,Present
7/24/2016,90,13:18,13,423,.,.,28.5,100,135,0,1.4,2,1,0,33P,Present
7/24/2016,90,14:01,14,466,.,.,31.7,100,135,0,1.2,2,1,0,33P,Present
7/24/2016,90,15:01,15,526,.,.,29.7,100,135,0,4.5,2,1,0,33P,Present
7/24/2016,90,15:56,16,581,.,.,30.7,100,135,0,5.5,2,1,0,33P,Present
7/24/2016,91,6:18,6,0,21.2,shade,21.7,102,54,1,0,2,1,0,36A,Absence
7/24/2016,91,7:14,7,56,22.3,shade,23,99.5,50,1,0,2,1,0,36A,Absence
7/24/2016,91,8:06,8,108,21.9,shade,23.1,95.83333333,52,1,0,2,1,0,36A,Absence
7/24/2016,91,9:01,9,163,24.3,shade,23.6,94.5,54,1,0,2,1,0,36A,Absence
7/24/2016,91,10:03,10,225,25.6,shade,23.8,102,50,1,0.2,2,1,0,36A,Absence
7/24/2016,91,11:06,11,288,25.8,shade,24.8,106,58,1,2.5,2,1,0,36A,Absence
7/24/2016,91,12:05,12,347,25.2,shade,26.1,108,58,1,1.8,2,1,0,36A,Absence
7/24/2016,91,13:25,13,427,37.3,sun,29.7,106,56,1,3.1,2,1,0,36A,Absence
7/24/2016,91,14:04,14,466,39.6,sun,31.9,106,56,1,3.5,2,1,0,36A,Absence
7/24/2016,91,15:05,15,527,42.8,sun,32.2,106,56,1,3.2,0,0,1,36A,Absence
7/24/2016,91,16:00,16,582,40,sun,29.9,106,56,1,5.8,0,0,1,36A,Absence
7/24/2016,92,6:21,6,0,.,.,21.8,100,315,0,0,2,1,0,34P,Present
7/24/2016,92,7:23,7,62,.,.,23.3,100,315,0,0,2,1,0,34P,Present
7/24/2016,92,8:14,8,113,.,.,22.6,100,315,0,0.4,2,1,0,34P,Present
7/24/2016,92,9:09,9,168,.,.,24.1,100,315,0,0,2,1,0,34P,Present
7/24/2016,92,10:09,10,228,.,.,24.2,100,315,0,1,2,1,0,34P,Present
7/24/2016,92,11:13,11,292,.,.,24.3,100,315,0,0.3,2,1,0,34P,Present
7/24/2016,92,12:10,12,349,.,.,25.7,100,315,0,0,2,1,0,34P,Present
7/24/2016,92,13:30,13,429,.,.,32.1,100,315,0,2.4,2,1,0,34P,Present
7/24/2016,92,14:08,14,467,.,.,.,.,.,.,3.4,2,1,0,34P,Present
7/24/2016,92,15:09,15,528,.,.,.,.,.,.,1.9,.,.,.,34P,Present
7/24/2016,92,16:03,16,582,.,.,.,.,.,.,.,.,.,.,34P,Present
7/24/2016,94,6:11,6,0,21.1,shade,23,110,218,1,0.4,2,1,0,33A,Absence
7/24/2016,94,6:57,7,46,22.4,shade,22.1,107,220,1,1.6,2,1,0,33A,Absence
7/24/2016,94,8:00,8,109,22.1,shade,28.3,106.9166667,218,1,0,2,1,0,33A,Absence
7/24/2016,94,8:56,9,165,24.2,shade,22.9,106.9166667,218,1,0.3,2,1,0,33A,Absence
7/24/2016,94,9:57,10,226,25.3,shade,23.8,106.9166667,218,1,1.4,2,1,0,33A,Absence
7/24/2016,94,10:59,11,288,26.4,shade,24.8,111,224,1,3,2,1,0,33A,Absence
7/24/2016,94,11:58,12,347,26.5,shade,25.4,105,228,1,0,2,1,0,33A,Absence
7/24/2016,94,13:09,13,418,38.2,sun,29.6,104,232,1,1.6,2,1,0,33A,Absence
7/24/2016,94,13:36,14,445,37.6,sun,30.8,107,234,1,3.3,2,1,0,33A,Absence
7/24/2016,94,14:58,15,527,39.6,sun,29.6,107,234,1,6.7,0,0,1,33A,Absence
7/24/2016,94,15:53,16,582,39.2,sun,30.4,107,234,1,6.9,0,0,1,33A,Absence
7/24/2016,100,6:11,6,0,21.1,shade,23,110,218,1,0.4,2,1,0,32A,Absence
7/24/2016,100,6:57,7,46,22.4,shade,22.1,107,220,1,1.6,2,1,0,32A,Absence
7/24/2016,100,8:00,8,109,22.1,shade,28.3,106.9166667,218,1,0,2,1,0,32A,Absence
7/24/2016,100,8:56,9,165,24.2,shade,22.9,106.9166667,218,1,0.3,2,1,0,32A,Absence
7/24/2016,100,9:57,10,226,25,shade,23.8,106.9166667,218,1,1.4,2,1,0,32A,Absence
7/24/2016,100,10:59,11,288,26.2,shade,24.8,106.9166667,218,1,3,2,1,0,32A,Absence
7/24/2016,100,11:58,12,347,26.6,shade,25.4,106.9166667,218,1,0,2,1,0,32A,Absence
7/24/2016,100,13:09,13,418,31.2,sun,29.6,108,226,1,1.6,2,1,0,32A,Absence
7/24/2016,100,13:36,14,445,44.6,sun,30.8,108,226,1,3.3,2,1,0,32A,Absence
7/24/2016,100,14:58,15,527,45.1,sun,29.6,108,226,1,6.7,0,0,1,32A,Absence
7/24/2016,100,15:53,16,582,41.5,sun,30.4,108,226,1,6.9,0,0,1,32A,Absence
7/24/2016,101,6:21,6,0,.,.,21.8,100,315,0,0,2,1,0,36P,Present
7/24/2016,101,7:23,7,62,.,.,23.3,100,315,0,0,2,1,0,36P,Present
7/24/2016,101,8:14,16,113,.,.,22.6,100,315,0,0.4,2,1,0,36P,Present
7/24/2016,101,9:09,8,168,.,.,24.1,100,315,0,0,2,1,0,36P,Present
7/24/2016,101,10:09,9,228,.,.,24.2,100,315,0,1,2,1,0,36P,Present
7/24/2016,101,11:13,10,292,.,.,24.3,100,315,0,0.3,2,1,0,36P,Present
7/24/2016,101,12:10,11,349,.,.,25.7,100,315,0,0,2,1,0,36P,Present
7/24/2016,101,13:30,12,429,.,.,32.1,100,315,0,2.4,2,1,0,36P,Present
7/24/2016,101,14:08,13,467,.,.,30.8,100,315,0,3.4,2,1,0,36P,Present
7/24/2016,101,15:09,14,528,.,.,32.6,100,315,0,1.9,2,1,0,36P,Present
7/24/2016,101,16:03,15,582,.,.,30.7,100,315,0,7.2,2,1,0,36P,Present
7/26/2016,95,6:15,6,0,.,.,17.7,100,135,0,0,2,1,0,45P,Present
7/26/2016,95,7:07,7,52,.,.,24,100,135,0,0,2,1,0,45P,Present
7/26/2016,95,8:10,8,115,.,.,30.1,100,135,0,0.3,2,1,0,45P,Present
7/26/2016,95,9:08,9,173,.,.,35.7,100,135,0,0.2,2,1,0,45P,Present
7/26/2016,95,10:12,10,237,.,.,34.5,100,135,0,3,2,1,0,45P,Present
7/26/2016,95,11:10,11,295,38,sun,36.1,100,135,0,2.1,2,1,0,45P,Present
7/26/2016,95,12:10,12,355,28.9,sun,32.7,100,135,0,0.4,2,1,0,45P,Present
7/26/2016,95,13:09,13,414,44.3,sun,32.4,100,135,0,2.6,0,0,1,45P,Present
7/26/2016,95,14:12,14,477,47.9,sun,33.2,100,135,0,3.4,0,0,1,45P,Present
7/26/2016,95,15:10,15,535,49.3,sun,35.1,100,135,0,2.4,0,0,1,45P,Present
7/26/2016,95,16:05,16,590,46.3,sun,33.7,100,135,0,3.4,0,0,1,45P,Present
7/26/2016,97,6:15,6,0,.,.,17.7,100,135,0,0,2,1,0,46P,Present
7/26/2016,97,7:07,7,52,.,.,24,100,135,0,0,2,1,0,46P,Present
7/26/2016,97,8:10,8,115,.,.,30.1,100,135,0,0.3,2,1,0,46P,Present
7/26/2016,97,9:08,9,173,.,.,35.7,100,135,0,0.2,2,1,0,46P,Present
7/26/2016,97,10:12,10,237,.,.,34.5,100,135,0,3,2,1,0,46P,Present
7/26/2016,97,11:10,11,295,43.8,sun,36.1,100,135,0,2.1,2,1,0,46P,Present
7/26/2016,97,12:10,12,355,42.9,sun,32.7,100,135,0,0.4,2,1,0,46P,Present
7/26/2016,97,13:09,13,414,54,sun,32.4,100,135,0,2.6,0,0,1,46P,Present
7/26/2016,97,14:12,14,477,45.8,sun,33.2,100,135,0,3.4,0,0,1,46P,Present
7/26/2016,97,15:10,15,535,48.9,sun,35.1,100,135,0,2.4,0,0,1,46P,Present
7/26/2016,97,16:05,16,590,41.6,sun,33.7,100,135,0,3.4,0,0,1,46P,Present
7/26/2016,99,6:15,6,0,.,.,17.7,100,135,0,0,2,1,0,47P,Present
7/26/2016,99,7:07,7,52,.,.,24,100,135,0,0,2,1,0,47P,Present
7/26/2016,99,8:10,8,115,.,.,.,.,.,.,.,.,.,.,47P,Present
7/26/2016,99,9:08,9,173,.,.,35.7,100,135,0,0.2,2,1,0,47P,Present
7/26/2016,99,10:12,10,237,.,.,34.5,100,135,0,3,2,1,0,47P,Present
7/26/2016,99,11:10,11,295,.,.,36.1,100,135,0,2.1,2,1,0,47P,Present
7/26/2016,99,12:10,12,355,.,.,32.7,100,135,0,0.4,2,1,0,47P,Present
7/26/2016,99,13:09,13,414,48.9,sun,32.4,100,135,0,2.6,0,0,1,47P,Present
7/26/2016,99,14:12,14,477,50.2,sun,33.2,100,135,0,3.4,0,0,1,47P,Present
7/26/2016,99,15:10,15,535,43.5,sun,35.1,100,135,0,2.4,0,0,1,47P,Present
7/26/2016,99,16:05,16,590,35.1,sun,33.7,100,135,0,3.4,0,0,1,47P,Present
7/26/2016,111,6:12,6,0,15.6,shade,17.8,101,50,1,0,2,1,0,48A,Absence
7/26/2016,111,7:04,7,52,32.6,sun,23.9,101,50,1,0,2,1,0,48A,Absence
7/26/2016,111,8:43,8,151,39.6,sun,37.7,100,56,1,0,2,1,0,48A,Absence
7/26/2016,111,9:05,9,173,41.3,sun,30.9,100,56,1,2,2,1,0,48A,Absence
7/26/2016,111,10:08,10,236,50,sun,32.9,100,56,1,2,0,0,1,48A,Absence
7/26/2016,111,11:08,11,296,54.4,sun,33.6,100,56,1,3.1,0,0,1,48A,Absence
7/26/2016,111,12:08,12,356,56.3,sun,30.1,100,56,1,4.9,0,0,1,48A,Absence
7/26/2016,111,13:07,13,415,56.5,sun,32.8,100,56,1,4.6,0,0,1,48A,Absence
7/26/2016,111,14:09,14,477,53.8,sun,33.8,100,56,1,2,0,0,1,48A,Absence
7/26/2016,111,15:07,15,535,53.1,sun,34.5,100,56,1,2.7,0,0,1,48A,Absence
7/26/2016,111,16:03,16,591,48.5,sun,32.1,100,56,1,5,0,0,1,48A,Absence
7/26/2016,112,6:12,6,0,15.6,shade,17.8,101,50,1,0,2,1,0,49A,Absence
7/26/2016,112,7:04,7,52,22.7,sun,23.9,98,52,1,0,2,1,0,49A,Absence
7/26/2016,112,8:04,8,112,30.3,sun,31.5,91,48,1,0,2,1,0,49A,Absence
7/26/2016,112,9:05,9,173,43.2,sun,30.9,91,48,1,2,2,1,0,49A,Absence
7/26/2016,112,10:08,10,236,53.1,sun,32.9,91,48,1,2,0,0,1,49A,Absence
7/26/2016,112,11:08,11,296,56.1,sun,33.6,91,48,1,3.1,0,0,1,49A,Absence
7/26/2016,112,12:08,12,356,52.4,sun,30.1,91,48,1,4.9,0,0,1,49A,Absence
7/26/2016,112,13:07,13,415,57.2,sun,32.8,91,48,1,4.6,0,0,1,49A,Absence
7/26/2016,112,14:09,14,477,53.7,sun,33.8,91,48,1,2,0,0,1,49A,Absence
7/26/2016,112,15:07,15,535,49.4,sun,34.5,91,48,1,2.7,0,0,1,49A,Absence
7/26/2016,112,16:03,16,591,49.5,sun,32.1,91,48,1,5,0,0,1,49A,Absence
7/26/2016,113,6:15,6,0,.,.,17.7,100,135,0,0,2,1,0,48P,Present
7/26/2016,113,7:07,7,52,.,.,24,100,135,0,0,2,1,0,48P,Present
7/26/2016,113,8:10,8,115,.,.,30.1,100,135,0,0.3,2,1,0,48P,Present
7/26/2016,113,9:08,9,173,.,.,35.7,100,135,0,0.2,2,1,0,48P,Present
7/26/2016,113,10:12,10,237,.,.,34.5,100,135,0,3,2,1,0,48P,Present
7/26/2016,113,11:10,11,295,.,.,36.1,100,135,0,2.1,2,1,0,48P,Present
7/26/2016,113,12:10,12,355,.,.,32.7,100,135,0,0.4,2,1,0,48P,Present
7/26/2016,113,13:09,13,414,.,.,32.4,100,135,0,2.6,2,1,0,48P,Present
7/26/2016,113,14:12,14,477,.,.,.,.,.,.,.,.,.,.,48P,Present
7/26/2016,113,15:10,15,535,.,.,.,.,.,.,.,.,.,.,48P,Present
7/26/2016,113,16:05,16,590,.,.,.,.,.,.,.,0,0,1,48P,Present
7/26/2016,114,6:18,6,0,16,shade,18.5,109,226,1,0,2,1,0,50A,Absence
7/26/2016,114,7:11,7,53,22.9,sun,23.7,109,226,1,0,2,1,0,50A,Absence
7/26/2016,114,8:49,8,151,30.8,sun,29.8,125,222,1,2.4,2,1,0,50A,Absence
7/26/2016,114,9:13,9,175,41.7,sun,32.3,126,224,1,2,2,1,0,50A,Absence
7/26/2016,114,10:17,10,239,52.6,sun,33.3,127,220,1,2.8,0,0,1,50A,Absence
7/26/2016,114,11:19,11,301,49.8,sun,34.3,127,220,1,2,0,0,1,50A,Absence
7/26/2016,114,12:12,12,354,54.3,sun,33.1,127,220,1,2.8,0,0,1,50A,Absence
7/26/2016,114,13:13,13,415,43.5,sun,33.1,127,220,1,4.7,0,0,1,50A,Absence
7/26/2016,114,14:15,14,477,48.1,sun,32.3,127,220,1,4.8,0,0,1,50A,Absence
7/26/2016,114,15:12,15,534,43.9,sun,33.4,127,220,1,6.9,0,0,1,50A,Absence
7/26/2016,114,16:08,16,590,45.2,sun,32.4,127,220,1,5.8,0,0,1,50A,Absence
7/26/2016,115,6:18,6,0,16,shade,18.5,109,226,1,0,2,1,0,51A,Absence
7/26/2016,115,7:11,7,53,22.1,sun,23.7,108,222,1,0,2,1,0,51A,Absence
7/26/2016,115,8:39,8,141,32.8,sun,35.4,125,232,1,0.8,2,1,0,51A,Absence
7/26/2016,115,9:13,9,175,39.5,sun,32.3,125,232,1,2,2,1,0,51A,Absence
7/26/2016,115,10:17,10,239,41,sun,33.3,125,232,1,2.8,2,1,0,51A,Absence
7/26/2016,115,11:19,11,301,49.2,sun,34.3,125,232,1,2,0,0,1,51A,Absence
7/26/2016,115,12:12,12,354,50.7,sun,33.1,125,232,1,2.8,0,0,1,51A,Absence
7/26/2016,115,13:13,13,415,42.9,sun,33.1,125,232,1,4.7,0,0,1,51A,Absence
7/26/2016,115,14:15,14,477,41,sun,32.3,125,232,1,4.8,0,0,1,51A,Absence
7/26/2016,115,15:12,15,534,43.5,sun,33.4,125,232,1,6.9,0,0,1,51A,Absence
7/26/2016,115,16:08,16,590,38.6,sun,32.4,125,232,1,5.8,0,0,1,51A,Absence
7/26/2016,117,6:05,6,0,.,.,18.4,100,315,0,0,2,1,0,49P,Present
7/26/2016,117,6:58,7,53,.,.,21.8,100,315,0,0,2,1,0,49P,Present
7/26/2016,117,7:59,8,114,.,.,33.7,100,315,0,0.4,2,1,0,49P,Present
7/26/2016,117,9:02,9,177,.,.,32.3,100,315,0,2,2,1,0,49P,Present
7/26/2016,117,10:02,10,237,.,.,31,100,315,0,2,2,1,0,49P,Present
7/26/2016,117,11:04,11,299,.,.,32.3,100,315,0,4,2,1,0,49P,Present
7/26/2016,117,12:02,12,357,.,.,34.6,100,315,0,1.1,2,1,0,49P,Present
7/26/2016,117,13:04,13,419,.,.,.,.,.,.,.,.,.,.,49P,Present
7/26/2016,117,14:02,14,477,.,.,.,.,.,.,.,.,.,.,49P,Present
7/26/2016,117,15:03,15,538,.,.,.,.,.,.,.,.,.,.,49P,Present
7/26/2016,117,15:59,16,594,49,sun,31.5,100,315,0,5.6,0,0,1,49P,Present
7/26/2016,118,6:18,6,0,16,shade,18.5,109,226,1,0,2,1,0,52A,Absence
7/26/2016,118,7:11,7,53,20.2,sun,23.7,108,224,1,0,2,1,0,52A,Absence
7/26/2016,118,8:18,8,120,30.4,sun,30.5,108,218,1,1.2,2,1,0,52A,Absence
7/26/2016,118,9:13,9,175,35.9,sun,32.3,108,218,1,2,2,1,0,52A,Absence
7/26/2016,118,10:17,10,239,40.8,sun,33.3,108,218,1,2.8,0,0,1,52A,Absence
7/26/2016,118,11:19,11,301,47.8,sun,34.3,108,218,1,2,0,0,1,52A,Absence
7/26/2016,118,12:12,12,354,50.6,sun,33.1,108,218,1,2.8,0,0,1,52A,Absence
7/26/2016,118,13:13,13,415,53.4,sun,33.1,108,218,1,4.7,0,0,1,52A,Absence
7/26/2016,118,14:15,14,477,49.7,sun,32.3,108,218,1,4.8,0,0,1,52A,Absence
7/26/2016,118,15:12,15,534,48,sun,33.4,108,218,1,6.9,0,0,1,52A,Absence
7/26/2016,118,16:08,16,590,44.4,sun,32.4,108,218,1,5.8,0,0,1,52A,Absence
7/26/2016,119,6:05,6,0,.,.,18.4,100,315,0,0,2,1,0,50P,Present
7/26/2016,119,6:58,7,53,.,.,21.8,100,315,0,0,2,1,0,50P,Present
7/26/2016,119,7:59,8,114,.,.,33.7,100,315,0,0.4,2,1,0,50P,Present
7/26/2016,119,9:02,9,177,.,.,32.3,100,315,0,2,2,1,0,50P,Present
7/26/2016,119,10:02,10,237,.,.,31,100,315,0,2,2,1,0,50P,Present
7/26/2016,119,11:04,11,299,.,.,32.3,100,315,0,4,2,1,0,50P,Present
7/26/2016,119,12:02,12,357,47.2,sun,34.6,100,315,0,1.1,0,0,1,50P,Present
7/26/2016,119,13:04,13,419,47.8,sun,34,100,315,0,4.4,0,0,1,50P,Present
7/26/2016,119,14:02,14,477,53.5,sun,34.3,100,315,0,2.8,0,0,1,50P,Present
7/26/2016,119,15:03,15,538,35.3,sun,32,100,315,0,5,0,0,1,50P,Present
7/26/2016,119,15:59,16,594,41.9,sun,31.5,100,315,0,5.6,0,0,1,50P,Present
7/26/2016,120,6:05,6,0,.,.,18.4,100,315,0,0,2,1,0,51P,Present
7/26/2016,120,6:58,7,53,.,.,21.8,100,315,0,0,2,1,0,51P,Present
7/26/2016,120,7:59,8,114,.,.,33.7,100,315,0,0.4,2,1,0,51P,Present
7/26/2016,120,9:02,9,177,.,.,32.3,100,315,0,2,2,1,0,51P,Present
7/26/2016,120,10:02,10,237,.,.,31,100,315,0,2,2,1,0,51P,Present
7/26/2016,120,11:04,11,299,.,.,32.3,100,315,0,4,2,1,0,51P,Present
7/26/2016,120,12:02,12,357,.,.,34.6,100,315,0,1.1,2,1,0,51P,Present
7/26/2016,120,13:04,13,419,.,.,34,100,315,0,4.4,2,1,0,51P,Present
7/26/2016,120,14:02,14,477,.,.,.,.,.,.,.,.,.,.,51P,Present
7/26/2016,120,15:03,15,538,.,.,.,.,.,.,.,.,.,.,51P,Present
7/26/2016,120,15:59,16,594,.,.,.,.,.,.,.,.,.,.,51P,Present
7/26/2016,121,6:05,6,0,.,.,18.4,100,315,0,0,2,1,0,52P,Present
7/26/2016,121,6:58,7,53,.,.,21.8,100,315,0,0,2,1,0,52P,Present
7/26/2016,121,7:59,8,114,.,.,33.7,100,315,0,0.4,2,1,0,52P,Present
7/26/2016,121,9:02,9,177,.,.,32.3,100,315,1,2,2,1,0,52P,Present
7/26/2016,121,10:02,10,237,46.3,sun,31,109,312,1,2,0,0,1,52P,Present
7/26/2016,121,11:04,11,299,45.6,sun,32.3,109,312,1,4,0,0,1,52P,Present
7/26/2016,121,12:02,12,357,51.2,sun,34.6,109,312,1,1.1,0,0,1,52P,Present
7/26/2016,121,13:04,13,419,46.5,sun,34,109,312,1,4.4,0,0,1,52P,Present
7/26/2016,121,14:02,14,477,42.9,sun,34.3,109,312,1,2.8,0,0,1,52P,Present
7/26/2016,121,15:03,15,538,49.8,sun,32,109,312,1,5,0,0,1,52P,Present
7/26/2016,121,15:59,16,594,47,sun,31.5,109,312,1,5.6,0,0,1,52P,Present
